,importance,var
216,0.068730675,n_/devices/modules/Cisco-IOS-XE-interfaces-oper/interfaces/interface/v4-protocol-stats/in-octets
965,0.05801407,v_/ports#link-tr-ssm-b-1-y/metrics/network-outgoing-bytes
19,0.052020755,p_/computes0/metrics/compute-node/compute-node-cpu-idle-percent
222,0.051957346,n_/devices/modules/Cisco-IOS-XE-interfaces-oper/interfaces/interface/v4-protocol-stats/out-octets
210,0.048507866,n_/devices/modules/Cisco-IOS-XE-interfaces-oper/interfaces/interface/statistics/tx-pps
331,0.028001685,n_/devices/modules/Cisco-IOS-XE-bgp-oper/bgp-state-data/neighbors/neighbor/prefix-activity/sent/implicit-withdraw
221,0.02285737,n_/devices/modules/Cisco-IOS-XE-interfaces-oper/interfaces/interface/v4-protocol-stats/out-pkts
845,0.0184097,v_/ports#link-tr-intgw-a-3-x/metrics/network-outgoing-bytes
893,0.017922154,v_/ports#link-tr-intgw-b-2-x/metrics/network-outgoing-bytes
883,0.017029772,v_/ports#link-tr-intgw-b-1-y/metrics/network-outgoing-packets
737,0.014888925,v_/ports#link-intgw-exgw-b-1-x/metrics/network-outgoing-bytes
250,0.013728131,n_/devices/modules/Cisco-IOS-XE-interfaces-oper/interfaces/interface/diffserv-info/diffserv-target-classifier-stats/classifier-entry-stats/classified-pkts
679,0.0101564955,v_/ports#TR-01/metrics/network-outgoing-packets
846,0.0098770205,v_/ports#link-tr-intgw-a-3-x/metrics/network-outgoing-bytes-rate
971,0.009545842,v_/ports#link-tr-tr-a-1-x/metrics/network-incoming-bytes
152,0.008718,n_/devices/modules/openconfig-interfaces/interfaces/interface/state/counters/out-octets
853,0.0084212255,v_/ports#link-tr-intgw-a-3-y/metrics/network-incoming-packets
253,0.008221634,n_/devices/modules/Cisco-IOS-XE-interfaces-oper/interfaces/interface/diffserv-info/diffserv-target-classifier-stats/queuing-stats/output-pkts
691,0.0075361617,v_/ports#TR-02/metrics/network-outgoing-packets
715,0.007467997,v_/ports#link-intgw-exgw-a-2-x/metrics/network-outgoing-packets
882,0.0073099374,v_/ports#link-tr-intgw-b-1-y/metrics/network-outgoing-bytes-rate
913,0.0072953426,v_/ports#link-tr-intgw-b-3-x/metrics/network-incoming-packets
42,0.007161791,p_/computes0/metrics/hardware/hardware-system_stats-cpu-idle
598,0.007130407,v_/devices#TR-02/metrics/cpu-delta
958,0.006699594,v_/ports#link-tr-ssm-a-1-y/metrics/network-outgoing-packets-rate
31,0.00656403,p_/computes0/metrics/hardware/hardware-cpu-util
954,0.0065535964,v_/ports#link-tr-ssm-a-1-y/metrics/network-outgoing-bytes-rate
917,0.006401867,v_/ports#link-tr-intgw-b-3-x/metrics/network-outgoing-bytes
515,0.006320573,v_/devices#RR-01/metrics/cpu
989,0.0062215324,v_/ports#link-tr-tr-a-1-y/metrics/network-outgoing-bytes
966,0.0057691163,v_/ports#link-tr-ssm-b-1-y/metrics/network-outgoing-bytes-rate
257,0.005472244,n_/devices/modules/Cisco-IOS-XE-interfaces-oper/interfaces/interface/diffserv-info/diffserv-target-classifier-stats/queuing-stats/drop-pkts
750,0.005247705,v_/ports#link-intgw-exgw-b-2-x/metrics/network-outgoing-bytes-rate
757,0.0052071917,v_/ports#link-intgw-exgw-b-3-x/metrics/network-incoming-packets
912,0.0051898863,v_/ports#link-tr-intgw-b-3-x/metrics/network-incoming-bytes-rate
850,0.005105917,v_/ports#link-tr-intgw-a-3-x/metrics/network-outgoing-packets-rate
961,0.0050671296,v_/ports#link-tr-ssm-b-1-y/metrics/network-incoming-packets
983,0.004957286,v_/ports#link-tr-tr-a-1-y/metrics/network-incoming-bytes
906,0.004735257,v_/ports#link-tr-intgw-b-2-y/metrics/network-outgoing-bytes-rate
726,0.0046101254,v_/ports#link-intgw-exgw-a-3-x/metrics/network-outgoing-bytes-rate
977,0.0044771093,v_/ports#link-tr-tr-a-1-x/metrics/network-outgoing-bytes
858,0.0042509898,v_/ports#link-tr-intgw-a-3-y/metrics/network-outgoing-bytes-rate
329,0.0042474936,n_/devices/modules/Cisco-IOS-XE-bgp-oper/bgp-state-data/neighbors/neighbor/prefix-activity/sent/current-prefixes
671,0.0042238003,v_/ports#TR-01/metrics/network-incoming-bytes
26,0.004176871,p_/computes0/metrics/compute-node/compute-node-cpu-user-percent
658,0.0040480676,v_/ports#IntGW-02/metrics/network-outgoing-packets-rate
839,0.0039398717,v_/ports#link-tr-intgw-a-3-x/metrics/network-incoming-bytes
934,0.003926493,v_/ports#link-tr-intgw-b-3-y/metrics/network-outgoing-packets-rate
34,0.003887223,p_/computes0/metrics/hardware/hardware-memory-buffer
346,0.003785294,n_/devices/modules/Cisco-IOS-XE-bgp-oper/bgp-state-data/address-families/address-family/path/total-entries
817,0.0037508842,v_/ports#link-tr-intgw-a-2-x/metrics/network-incoming-packets
666,0.0037315106,v_/ports#RR-01/metrics/network-outgoing-bytes-rate
653,0.0035920886,v_/ports#IntGW-02/metrics/network-outgoing-bytes
24,0.0035483188,p_/computes0/metrics/compute-node/compute-node-cpu-kernel-time
809,0.0034836102,v_/ports#link-tr-intgw-a-1-y/metrics/network-outgoing-bytes
529,0.003480814,v_/devices#RR-01/metrics/disk-write-requests
557,0.0034430162,v_/devices#TR-01/metrics/cpu-delta
611,0.0033920328,v_/devices#TR-02/metrics/disk-write-requests
432,0.0033827666,v_/devices#IntGW-01/metrics/disk-device-write-requests-rate
90,0.0033356394,p_/computes0/metrics/hardware-disk#nvme0n1/hardware-disk-write-requests
821,0.0032549337,v_/ports#link-tr-intgw-a-2-x/metrics/network-outgoing-bytes
834,0.0031492668,v_/ports#link-tr-intgw-a-2-y/metrics/network-outgoing-bytes-rate
799,0.0029326337,v_/ports#link-tr-intgw-a-1-x/metrics/network-outgoing-packets
985,0.0028792662,v_/ports#link-tr-tr-a-1-y/metrics/network-incoming-packets
948,0.0028700854,v_/ports#link-tr-ssm-a-1-y/metrics/network-incoming-bytes-rate
570,0.0028235794,v_/devices#TR-01/metrics/disk-write-requests
919,0.0028079296,v_/ports#link-tr-intgw-b-3-x/metrics/network-outgoing-packets
970,0.0028049094,v_/ports#link-tr-ssm-b-1-y/metrics/network-outgoing-packets-rate
887,0.0027767778,v_/ports#link-tr-intgw-b-2-x/metrics/network-incoming-bytes
665,0.002748099,v_/ports#RR-01/metrics/network-outgoing-bytes
487,0.0027017207,v_/devices#IntGW-02/metrics/disk-write-bytes
745,0.0026837087,v_/ports#link-intgw-exgw-b-2-x/metrics/network-incoming-packets
725,0.0026653698,v_/ports#link-intgw-exgw-a-3-x/metrics/network-outgoing-bytes
792,0.0025887794,v_/ports#link-tr-intgw-a-1-x/metrics/network-incoming-bytes-rate
874,0.0025843426,v_/ports#link-tr-intgw-b-1-x/metrics/network-outgoing-packets-rate
967,0.0025218015,v_/ports#link-tr-ssm-b-1-y/metrics/network-outgoing-packets
714,0.0025185943,v_/ports#link-intgw-exgw-a-2-x/metrics/network-outgoing-bytes-rate
979,0.002507744,v_/ports#link-tr-tr-a-1-x/metrics/network-outgoing-packets
851,0.0025053138,v_/ports#link-tr-intgw-a-3-y/metrics/network-incoming-bytes
841,0.0024632665,v_/ports#link-tr-intgw-a-3-x/metrics/network-incoming-packets
702,0.002442711,v_/ports#link-intgw-exgw-a-1-x/metrics/network-outgoing-bytes-rate
530,0.0024327876,v_/devices#RR-01/metrics/disk-write-requests-rate
477,0.002420957,v_/devices#IntGW-02/metrics/cpu_util
476,0.0023665118,v_/devices#IntGW-02/metrics/cpu-delta
664,0.0023658199,v_/ports#RR-01/metrics/network-incoming-packets-rate
862,0.0023526475,v_/ports#link-tr-intgw-a-3-y/metrics/network-outgoing-packets-rate
823,0.0023518065,v_/ports#link-tr-intgw-a-2-x/metrics/network-outgoing-packets
803,0.0023310785,v_/ports#link-tr-intgw-a-1-y/metrics/network-incoming-bytes
973,0.002292137,v_/ports#link-tr-tr-a-1-x/metrics/network-incoming-packets
475,0.0022872742,v_/devices#IntGW-02/metrics/cpu
706,0.0022517492,v_/ports#link-intgw-exgw-a-1-x/metrics/network-outgoing-packets-rate
929,0.002131159,v_/ports#link-tr-intgw-b-3-y/metrics/network-outgoing-bytes
918,0.0021105357,v_/ports#link-tr-intgw-b-3-x/metrics/network-outgoing-bytes-rate
356,0.0021043553,n_/devices/modules/Cisco-IOS-XE-bgp-oper/bgp-state-data/address-families/address-family/total-memory
44,0.0020936038,p_/computes0/metrics/hardware/hardware-system_stats-io-outgoing-blocks
857,0.0020751108,v_/ports#link-tr-intgw-a-3-y/metrics/network-outgoing-bytes
659,0.0020446912,v_/ports#RR-01/metrics/network-incoming-bytes
911,0.001984346,v_/ports#link-tr-intgw-b-3-x/metrics/network-incoming-bytes
875,0.0019839185,v_/ports#link-tr-intgw-b-1-y/metrics/network-incoming-bytes
640,0.001974774,v_/ports#IntGW-01/metrics/network-incoming-packets-rate
756,0.0019704867,v_/ports#link-intgw-exgw-b-3-x/metrics/network-incoming-bytes-rate
982,0.0019691207,v_/ports#link-tr-tr-a-1-x/metrics/network-outgoing-packets-rate
811,0.0019584289,v_/ports#link-tr-intgw-a-1-y/metrics/network-outgoing-packets
721,0.0019540335,v_/ports#link-intgw-exgw-a-3-x/metrics/network-incoming-packets
864,0.0019482217,v_/ports#link-tr-intgw-b-1-x/metrics/network-incoming-bytes-rate
99,0.0019469381,p_/computes0/metrics/hardware-ipmi-fan#fan_2_dutycycle_(0x2c)/hardware-ipmi-fan
556,0.0019031273,v_/devices#TR-01/metrics/cpu
661,0.001896779,v_/ports#RR-01/metrics/network-incoming-packets
990,0.0018911394,v_/ports#link-tr-tr-a-1-y/metrics/network-outgoing-bytes-rate
428,0.0018657083,v_/devices#IntGW-01/metrics/disk-device-write-bytes
931,0.0018640761,v_/ports#link-tr-intgw-b-3-y/metrics/network-outgoing-packets
514,0.0018469669,v_/devices#RR-01/metrics/disk-device-write-requests-rate
41,0.0018379962,p_/computes0/metrics/hardware/hardware-network-ip-outgoing-datagrams
469,0.0018311449,v_/devices#IntGW-02/metrics/disk-device-write-bytes
129,0.0018283961,p_/computes0/metrics/hardware-ipmi-temperature#05-p1_dimm_7-12_(0x7)/hardware-ipmi-temperature
434,0.0018146514,v_/devices#IntGW-01/metrics/cpu
153,0.0018110141,n_/devices/modules/openconfig-interfaces/interfaces/interface/state/counters/out-unicast-pkts
641,0.0017859546,v_/ports#IntGW-01/metrics/network-outgoing-bytes
583,0.0017279495,v_/devices#TR-02/metrics/disk-device-allocation
143,0.00172343,n_/devices/modules/openconfig-interfaces/interfaces/interface/state/last-change
947,0.0017215977,v_/ports#link-tr-ssm-a-1-y/metrics/network-incoming-bytes
649,0.0017148807,v_/ports#IntGW-02/metrics/network-incoming-packets
597,0.0017022078,v_/devices#TR-02/metrics/cpu
924,0.0016929704,v_/ports#link-tr-intgw-b-3-y/metrics/network-incoming-bytes-rate
863,0.0016694057,v_/ports#link-tr-intgw-b-1-x/metrics/network-incoming-bytes
39,0.0016673893,p_/computes0/metrics/hardware/hardware-memory-used
642,0.0016369816,v_/ports#IntGW-01/metrics/network-outgoing-bytes-rate
739,0.0016327958,v_/ports#link-intgw-exgw-b-1-x/metrics/network-outgoing-packets
738,0.0016085367,v_/ports#link-intgw-exgw-b-1-x/metrics/network-outgoing-bytes-rate
112,0.0016013135,p_/computes0/metrics/hardware-ipmi-temperature#07-p2_dimm_7-12_(0x9)/hardware-ipmi-temperature
435,0.001567264,v_/devices#IntGW-01/metrics/cpu-delta
470,0.0015580783,v_/devices#IntGW-02/metrics/disk-device-write-bytes-rate
510,0.0015336751,v_/devices#RR-01/metrics/disk-device-write-bytes
708,0.0015290184,v_/ports#link-intgw-exgw-a-2-x/metrics/network-incoming-bytes-rate
429,0.0015085833,v_/devices#IntGW-01/metrics/disk-device-write-bytes-rate
859,0.0014874177,v_/ports#link-tr-intgw-a-3-y/metrics/network-outgoing-packets
133,0.0014789494,p_/computes0/metrics/hardware-ipmi-temperature#27-front_ambient_(0x1d)/hardware-ipmi-temperature
724,0.001475916,v_/ports#link-intgw-exgw-a-3-x/metrics/network-incoming-packets-rate
393,0.0014608108,n_/devices/modules/Cisco-IOS-XE-platform-software-oper/cisco-platform-software/control-processes/control-process/per-core-stats/per-core-stat/user
382,0.0014599039,n_/devices/modules/Cisco-IOS-XE-platform-software-oper/cisco-platform-software/control-processes/control-process/memory-stats/used-number
994,0.0014595753,v_/ports#link-tr-tr-a-1-y/metrics/network-outgoing-packets-rate
654,0.0014473973,v_/ports#IntGW-02/metrics/network-outgoing-bytes-rate
840,0.0014466462,v_/ports#link-tr-intgw-a-3-x/metrics/network-incoming-bytes-rate
370,0.0014394599,n_/devices/modules/Cisco-IOS-XE-platform-software-oper/cisco-platform-software/system-usages/system-usage/process-system-usages/process-system-usage/total-run-time
923,0.0014180526,v_/ports#link-tr-intgw-b-3-y/metrics/network-incoming-bytes
144,0.0014065494,n_/devices/modules/openconfig-interfaces/interfaces/interface/state/counters/in-octets
683,0.0013748667,v_/ports#TR-02/metrics/network-incoming-bytes
489,0.0013707553,v_/devices#IntGW-02/metrics/disk-write-requests
922,0.0013660461,v_/ports#link-tr-intgw-b-3-x/metrics/network-outgoing-packets-rate
406,0.0013631155,n_/devices/modules/Cisco-IOS-XE-memory-oper/memory-statistics/memory-statistic/used-memory
960,0.0013475177,v_/ports#link-tr-ssm-b-1-y/metrics/network-incoming-bytes-rate
672,0.0013400073,v_/ports#TR-01/metrics/network-incoming-bytes-rate
678,0.0013392475,v_/ports#TR-01/metrics/network-outgoing-bytes-rate
131,0.001328624,p_/computes0/metrics/hardware-ipmi-temperature#37-fuse_(0x27)/hardware-ipmi-temperature
733,0.0013272902,v_/ports#link-intgw-exgw-b-1-x/metrics/network-incoming-packets
436,0.0013220246,v_/devices#IntGW-01/metrics/cpu_util
978,0.0013165419,v_/ports#link-tr-tr-a-1-x/metrics/network-outgoing-bytes-rate
751,0.0013156886,v_/ports#link-intgw-exgw-b-2-x/metrics/network-outgoing-packets
111,0.0013152163,p_/computes0/metrics/hardware-ipmi-temperature#03-cpu_2_(0x5)/hardware-ipmi-temperature
29,0.0013069515,p_/computes0/metrics/hardware/hardware-cpu-load-1min
646,0.001305738,v_/ports#IntGW-01/metrics/network-outgoing-packets-rate
211,0.0012929811,n_/devices/modules/Cisco-IOS-XE-interfaces-oper/interfaces/interface/statistics/tx-kbps
899,0.0012829853,v_/ports#link-tr-intgw-b-2-y/metrics/network-incoming-bytes
48,0.0012823248,p_/computes0/metrics/hardware-disk#_dev_nvme0n1p2/hardware-disk-size-used
25,0.0012811329,p_/computes0/metrics/compute-node/compute-node-cpu-percent
916,0.0012656506,v_/ports#link-tr-intgw-b-3-x/metrics/network-incoming-packets-rate
398,0.0012624828,n_/devices/modules/Cisco-IOS-XE-platform-software-oper/cisco-platform-software/control-processes/control-process/per-core-stats/per-core-stat/sirq
762,0.0012525256,v_/ports#link-intgw-exgw-b-3-x/metrics/network-outgoing-bytes-rate
643,0.0012512245,v_/ports#IntGW-01/metrics/network-outgoing-packets
748,0.0012304552,v_/ports#link-intgw-exgw-b-2-x/metrics/network-incoming-packets-rate
832,0.0012076652,v_/ports#link-tr-intgw-a-2-y/metrics/network-incoming-packets-rate
767,0.0011830417,v_/ports#link-intgw-ip-a-1-x/metrics/network-incoming-bytes
130,0.0011823863,p_/computes0/metrics/hardware-ipmi-temperature#22-pci_2_(0x18)/hardware-ipmi-temperature
815,0.0011722213,v_/ports#link-tr-intgw-a-2-x/metrics/network-incoming-bytes
808,0.0011682619,v_/ports#link-tr-intgw-a-1-y/metrics/network-incoming-packets-rate
852,0.001157721,v_/ports#link-tr-intgw-a-3-y/metrics/network-incoming-bytes-rate
976,0.001155575,v_/ports#link-tr-tr-a-1-x/metrics/network-incoming-packets-rate
637,0.0011434834,v_/ports#IntGW-01/metrics/network-incoming-packets
685,0.0011390175,v_/ports#TR-02/metrics/network-incoming-packets
731,0.0011382928,v_/ports#link-intgw-exgw-b-1-x/metrics/network-incoming-bytes
66,0.0011328367,p_/computes0/metrics/hardware-disk#nvme0n1p2/hardware-disk-write-requests
804,0.0011255759,v_/ports#link-tr-intgw-a-1-y/metrics/network-incoming-bytes-rate
592,0.0011242823,v_/devices#TR-02/metrics/disk-device-write-bytes-rate
730,0.0011234113,v_/ports#link-intgw-exgw-a-3-x/metrics/network-outgoing-packets-rate
40,0.0011092104,p_/computes0/metrics/hardware/hardware-network-ip-incoming-datagrams
313,0.0011068111,n_/devices/modules/Cisco-IOS-XE-bgp-oper/bgp-state-data/neighbors/neighbor/bgp-neighbor-counters/sent/updates
215,0.0010906254,n_/devices/modules/Cisco-IOS-XE-interfaces-oper/interfaces/interface/v4-protocol-stats/in-pkts
447,0.0010876065,v_/devices#IntGW-01/metrics/disk-write-bytes-rate
835,0.0010841715,v_/ports#link-tr-intgw-a-2-y/metrics/network-outgoing-packets
876,0.0010838276,v_/ports#link-tr-intgw-b-1-y/metrics/network-incoming-bytes-rate
141,0.0010787804,p_/computes0/metrics/hardware-ipmi-current#power_meter_(0x43)/hardware-ipmi-current
833,0.0010767144,v_/ports#link-tr-intgw-a-2-y/metrics/network-outgoing-bytes
886,0.0010721051,v_/ports#link-tr-intgw-b-1-y/metrics/network-outgoing-packets-rate
89,0.001061333,p_/computes0/metrics/hardware-disk#nvme0n1/hardware-disk-write-bytes
761,0.0010483696,v_/ports#link-intgw-exgw-b-3-x/metrics/network-outgoing-bytes
404,0.0010336161,n_/devices/modules/Cisco-IOS-XE-platform-software-oper/cisco-platform-software/q-filesystem/partitions/used-size
571,0.0010257307,v_/devices#TR-01/metrics/disk-write-requests-rate
865,0.0010239219,v_/ports#link-tr-intgw-b-1-x/metrics/network-incoming-packets
28,0.0010219559,p_/computes0/metrics/hardware/hardware-cpu-load-15min
895,0.001021265,v_/ports#link-tr-intgw-b-2-x/metrics/network-outgoing-packets
744,0.001009461,v_/ports#link-intgw-exgw-b-2-x/metrics/network-incoming-bytes-rate
869,0.0010066009,v_/ports#link-tr-intgw-b-1-x/metrics/network-outgoing-bytes
871,0.0009995225,v_/ports#link-tr-intgw-b-1-x/metrics/network-outgoing-packets
673,0.0009960082,v_/ports#TR-01/metrics/network-incoming-packets
784,0.0009906166,v_/ports#link-intgw-ip-a-2-x/metrics/network-incoming-packets-rate
700,0.0009831523,v_/ports#link-intgw-exgw-a-1-x/metrics/network-incoming-packets-rate
749,0.0009716876,v_/ports#link-intgw-exgw-b-2-x/metrics/network-outgoing-bytes
591,0.00096824206,v_/devices#TR-02/metrics/disk-device-write-bytes
670,0.00096349174,v_/ports#RR-01/metrics/network-outgoing-packets-rate
955,0.0009549723,v_/ports#link-tr-ssm-a-1-y/metrics/network-outgoing-packets
63,0.0009484951,p_/computes0/metrics/hardware-disk#nvme0n1p2/hardware-disk-read-bytes
742,0.0009455997,v_/ports#link-intgw-exgw-b-1-x/metrics/network-outgoing-packets-rate
394,0.0009265603,n_/devices/modules/Cisco-IOS-XE-platform-software-oper/cisco-platform-software/control-processes/control-process/per-core-stats/per-core-stat/system
844,0.0009219777,v_/ports#link-tr-intgw-a-3-x/metrics/network-incoming-packets-rate
18,0.00092194456,p_/computes0/metrics/compute-node/compute-node-cpu-frequency
517,0.0009119407,v_/devices#RR-01/metrics/cpu_util
315,0.0009101879,n_/devices/modules/Cisco-IOS-XE-bgp-oper/bgp-state-data/neighbors/neighbor/bgp-neighbor-counters/sent/keepalives
703,0.0008997962,v_/ports#link-intgw-exgw-a-1-x/metrics/network-outgoing-packets
473,0.0008923574,v_/devices#IntGW-02/metrics/disk-device-write-requests-rate
826,0.0008821232,v_/ports#link-tr-intgw-a-2-x/metrics/network-outgoing-packets-rate
359,0.000860694,n_/devices/modules/Cisco-IOS-XE-bgp-oper/bgp-state-data/address-families/address-family/bgp-neighbor-summaries/bgp-neighbor-summary/messages-sent
900,0.00086021423,v_/ports#link-tr-intgw-b-2-y/metrics/network-incoming-bytes-rate
490,0.000843784,v_/devices#IntGW-02/metrics/disk-write-requests-rate
766,0.00083789404,v_/ports#link-intgw-exgw-b-3-x/metrics/network-outgoing-packets-rate
847,0.00083692133,v_/ports#link-tr-intgw-a-3-x/metrics/network-outgoing-packets
984,0.0008275613,v_/ports#link-tr-tr-a-1-y/metrics/network-incoming-bytes-rate
690,0.00082273176,v_/ports#TR-02/metrics/network-outgoing-bytes-rate
791,0.0008148934,v_/ports#link-tr-intgw-a-1-x/metrics/network-incoming-bytes
676,0.00080403563,v_/ports#TR-01/metrics/network-incoming-packets-rate
20,0.0008001736,p_/computes0/metrics/compute-node/compute-node-cpu-idle-time
732,0.0007973291,v_/ports#link-intgw-exgw-b-1-x/metrics/network-incoming-bytes-rate
877,0.0007907217,v_/ports#link-tr-intgw-b-1-y/metrics/network-incoming-packets
727,0.00078087626,v_/ports#link-intgw-exgw-a-3-x/metrics/network-outgoing-packets
550,0.00076831074,v_/devices#TR-01/metrics/disk-device-write-bytes
712,0.000754472,v_/ports#link-intgw-exgw-a-2-x/metrics/network-incoming-packets-rate
816,0.0007535698,v_/ports#link-tr-intgw-a-2-x/metrics/network-incoming-bytes-rate
798,0.0007454149,v_/ports#link-tr-intgw-a-1-x/metrics/network-outgoing-bytes-rate
551,0.0007426457,v_/devices#TR-01/metrics/disk-device-write-bytes-rate
35,0.0007207414,p_/computes0/metrics/hardware/hardware-memory-cached
888,0.0007082323,v_/ports#link-tr-intgw-b-2-x/metrics/network-incoming-bytes-rate
709,0.0007065186,v_/ports#link-intgw-exgw-a-2-x/metrics/network-incoming-packets
928,0.00070121046,v_/ports#link-tr-intgw-b-3-y/metrics/network-incoming-packets-rate
953,0.0006911004,v_/ports#link-tr-ssm-a-1-y/metrics/network-outgoing-bytes
856,0.00069068826,v_/ports#link-tr-intgw-a-3-y/metrics/network-incoming-packets-rate
713,0.000686367,v_/ports#link-intgw-exgw-a-2-x/metrics/network-outgoing-bytes
829,0.0006850248,v_/ports#link-tr-intgw-a-2-y/metrics/network-incoming-packets
827,0.0006820357,v_/ports#link-tr-intgw-a-2-y/metrics/network-incoming-bytes
814,0.00066552806,v_/ports#link-tr-intgw-a-1-y/metrics/network-outgoing-packets-rate
898,0.0006644124,v_/ports#link-tr-intgw-b-2-x/metrics/network-outgoing-packets-rate
889,0.00066320715,v_/ports#link-tr-intgw-b-2-x/metrics/network-incoming-packets
991,0.0006516856,v_/ports#link-tr-tr-a-1-y/metrics/network-outgoing-packets
870,0.0006490123,v_/ports#link-tr-intgw-b-1-x/metrics/network-outgoing-bytes-rate
988,0.0006463588,v_/ports#link-tr-tr-a-1-y/metrics/network-incoming-packets-rate
558,0.0006463558,v_/devices#TR-01/metrics/cpu_util
158,0.00064204895,n_/devices/modules/openconfig-interfaces/interfaces/interface/state/counters/last-clear
718,0.0006376447,v_/ports#link-intgw-exgw-a-2-x/metrics/network-outgoing-packets-rate
30,0.0006354157,p_/computes0/metrics/hardware/hardware-cpu-load-5min
905,0.0006292942,v_/ports#link-tr-intgw-b-2-y/metrics/network-outgoing-bytes
694,0.0006200036,v_/ports#TR-02/metrics/network-outgoing-packets-rate
635,0.0006150712,v_/ports#IntGW-01/metrics/network-incoming-bytes
901,0.00061216357,v_/ports#link-tr-intgw-b-2-y/metrics/network-incoming-packets
964,0.0006061803,v_/ports#link-tr-ssm-b-1-y/metrics/network-incoming-packets-rate
660,0.00060562015,v_/ports#RR-01/metrics/network-incoming-bytes-rate
797,0.00060110143,v_/ports#link-tr-intgw-a-1-x/metrics/network-outgoing-bytes
65,0.00058500405,p_/computes0/metrics/hardware-disk#nvme0n1p2/hardware-disk-write-bytes
684,0.0005810517,v_/ports#TR-02/metrics/network-incoming-bytes-rate
695,0.00056789786,v_/ports#link-intgw-exgw-a-1-x/metrics/network-incoming-bytes
252,0.0005668414,n_/devices/modules/Cisco-IOS-XE-interfaces-oper/interfaces/interface/diffserv-info/diffserv-target-classifier-stats/classifier-entry-stats/classified-rate
760,0.0005586487,v_/ports#link-intgw-exgw-b-3-x/metrics/network-incoming-packets-rate
593,0.00055714295,v_/devices#TR-02/metrics/disk-device-write-latency
648,0.0005564696,v_/ports#IntGW-02/metrics/network-incoming-bytes-rate
22,0.00055411935,p_/computes0/metrics/compute-node/compute-node-cpu-iowait-time
449,0.0005502795,v_/devices#IntGW-01/metrics/disk-write-requests-rate
595,0.000546915,v_/devices#TR-02/metrics/disk-device-write-requests-rate
612,0.0005345918,v_/devices#TR-02/metrics/disk-write-requests-rate
599,0.0005340707,v_/devices#TR-02/metrics/cpu_util
930,0.0005336793,v_/ports#link-tr-intgw-b-3-y/metrics/network-outgoing-bytes-rate
655,0.0005308961,v_/ports#IntGW-02/metrics/network-outgoing-packets
796,0.00052988564,v_/ports#link-tr-intgw-a-1-x/metrics/network-incoming-packets-rate
118,0.0005271062,p_/computes0/metrics/hardware-ipmi-temperature#34-hd_cntlr_zone_(0x24)/hardware-ipmi-temperature
907,0.0005222224,v_/ports#link-tr-intgw-b-2-y/metrics/network-outgoing-packets
701,0.00051714113,v_/ports#link-intgw-exgw-a-1-x/metrics/network-outgoing-bytes
528,0.00051581516,v_/devices#RR-01/metrics/disk-write-bytes-rate
636,0.0005153267,v_/ports#IntGW-01/metrics/network-incoming-bytes-rate
868,0.0005151965,v_/ports#link-tr-intgw-b-1-x/metrics/network-incoming-packets-rate
910,0.0005074066,v_/ports#link-tr-intgw-b-2-y/metrics/network-outgoing-packets-rate
925,0.00050402153,v_/ports#link-tr-intgw-b-3-y/metrics/network-incoming-packets
697,0.0004957155,v_/ports#link-intgw-exgw-a-1-x/metrics/network-incoming-packets
552,0.00048926304,v_/devices#TR-01/metrics/disk-device-write-latency
97,0.00048376783,p_/computes0/metrics/hardware-ipmi-fan#fan_7_dutycycle_(0x3b)/hardware-ipmi-fan
763,0.00047984804,v_/ports#link-intgw-exgw-b-3-x/metrics/network-outgoing-packets
388,0.00046743496,n_/devices/modules/Cisco-IOS-XE-platform-software-oper/cisco-platform-software/control-processes/control-process/memory-stats/committed-number
27,0.00045951508,p_/computes0/metrics/compute-node/compute-node-cpu-user-time
689,0.00045189646,v_/ports#TR-02/metrics/network-outgoing-bytes
372,0.00042811132,n_/devices/modules/Cisco-IOS-XE-platform-software-oper/cisco-platform-software/system-usages/system-usage/process-system-usages/process-system-usage/allocated-memory
754,0.00042757855,v_/ports#link-intgw-exgw-b-2-x/metrics/network-outgoing-packets-rate
949,0.00041839704,v_/ports#link-tr-ssm-a-1-y/metrics/network-incoming-packets
527,0.0004119021,v_/devices#RR-01/metrics/disk-write-bytes
810,0.0004063788,v_/ports#link-tr-intgw-a-1-y/metrics/network-outgoing-bytes-rate
736,0.0003930258,v_/ports#link-intgw-exgw-b-1-x/metrics/network-incoming-packets-rate
696,0.0003927648,v_/ports#link-intgw-exgw-a-1-x/metrics/network-incoming-bytes-rate
822,0.0003890619,v_/ports#link-tr-intgw-a-2-x/metrics/network-outgoing-bytes-rate
828,0.00038316374,v_/ports#link-tr-intgw-a-2-y/metrics/network-incoming-bytes-rate
880,0.00036612764,v_/ports#link-tr-intgw-b-1-y/metrics/network-incoming-packets-rate
115,0.00036601542,p_/computes0/metrics/hardware-ipmi-temperature#19-ps_1_internal_(0x15)/hardware-ipmi-temperature
511,0.00035502252,v_/devices#RR-01/metrics/disk-device-write-bytes-rate
881,0.00034941395,v_/ports#link-tr-intgw-b-1-y/metrics/network-outgoing-bytes
103,0.00034155068,p_/computes0/metrics/hardware-ipmi-fan#fan_5_(0x34)/hardware-ipmi-fan
972,0.0003389835,v_/ports#link-tr-tr-a-1-x/metrics/network-incoming-bytes-rate
542,0.0003265274,v_/devices#TR-01/metrics/disk-device-allocation
569,0.00032546182,v_/devices#TR-01/metrics/disk-write-bytes-rate
802,0.0003235467,v_/ports#link-tr-intgw-a-1-x/metrics/network-outgoing-packets-rate
110,0.0003155963,p_/computes0/metrics/hardware-ipmi-temperature#30-ilo_zone_(0x20)/hardware-ipmi-temperature
805,0.00031465627,v_/ports#link-tr-intgw-a-1-y/metrics/network-incoming-packets
145,0.00031230337,n_/devices/modules/openconfig-interfaces/interfaces/interface/state/counters/in-unicast-pkts
255,0.00031204327,n_/devices/modules/Cisco-IOS-XE-interfaces-oper/interfaces/interface/diffserv-info/diffserv-target-classifier-stats/queuing-stats/queue-size-pkts
140,0.00029847556,p_/computes0/metrics/hardware-ipmi-temperature#09-exp_bay_drive_(0xb)/hardware-ipmi-temperature
647,0.00029320584,v_/ports#IntGW-02/metrics/network-incoming-bytes
719,0.000290584,v_/ports#link-intgw-exgw-a-3-x/metrics/network-incoming-bytes
516,0.00028043988,v_/devices#RR-01/metrics/cpu-delta
838,0.00027357292,v_/ports#link-tr-intgw-a-2-y/metrics/network-outgoing-packets-rate
396,0.00026797867,n_/devices/modules/Cisco-IOS-XE-platform-software-oper/cisco-platform-software/control-processes/control-process/per-core-stats/per-core-stat/idle
568,0.00025752297,v_/devices#TR-01/metrics/disk-write-bytes
820,0.00025513448,v_/ports#link-tr-intgw-a-2-x/metrics/network-incoming-packets-rate
610,0.00025353796,v_/devices#TR-02/metrics/disk-write-bytes-rate
554,0.00025206266,v_/devices#TR-01/metrics/disk-device-write-requests-rate
793,0.00025198387,v_/ports#link-tr-intgw-a-1-x/metrics/network-incoming-packets
667,0.00025015694,v_/ports#RR-01/metrics/network-outgoing-packets
688,0.00023920034,v_/ports#TR-02/metrics/network-incoming-packets-rate
379,0.00023290083,n_/devices/modules/Cisco-IOS-XE-platform-software-oper/cisco-platform-software/control-processes/control-process/load-avg-minutes/load-avg-minute/average
652,0.00022123201,v_/ports#IntGW-02/metrics/network-incoming-packets-rate
720,0.00021708028,v_/ports#link-intgw-exgw-a-3-x/metrics/network-incoming-bytes-rate
682,0.00021502304,v_/ports#TR-01/metrics/network-outgoing-packets-rate
342,0.00018965028,n_/devices/modules/Cisco-IOS-XE-bgp-oper/bgp-state-data/address-families/address-family/bgp-table-version
609,0.00017963993,v_/devices#TR-02/metrics/disk-write-bytes
952,0.00017911544,v_/ports#link-tr-ssm-a-1-y/metrics/network-incoming-packets-rate
755,0.00017734361,v_/ports#link-intgw-exgw-b-3-x/metrics/network-incoming-bytes
677,0.00017679301,v_/ports#TR-01/metrics/network-outgoing-bytes
892,0.0001679994,v_/ports#link-tr-intgw-b-2-x/metrics/network-incoming-packets-rate
360,0.00014006309,n_/devices/modules/Cisco-IOS-XE-bgp-oper/bgp-state-data/address-families/address-family/bgp-neighbor-summaries/bgp-neighbor-summary/table-version
488,0.00013478317,v_/devices#IntGW-02/metrics/disk-write-bytes-rate
208,0.00012866249,n_/devices/modules/Cisco-IOS-XE-interfaces-oper/interfaces/interface/statistics/rx-pps
430,0.00012645424,v_/devices#IntGW-01/metrics/disk-device-write-latency
707,0.00012500984,v_/ports#link-intgw-exgw-a-2-x/metrics/network-incoming-bytes
959,0.00012406566,v_/ports#link-tr-ssm-b-1-y/metrics/network-incoming-bytes
904,0.000116289964,v_/ports#link-tr-intgw-b-2-y/metrics/network-incoming-packets-rate
209,0.0001071945,n_/devices/modules/Cisco-IOS-XE-interfaces-oper/interfaces/interface/statistics/rx-kbps
448,0.000105416606,v_/devices#IntGW-01/metrics/disk-write-requests
134,9.097784e-05,p_/computes0/metrics/hardware-ipmi-temperature#01-inlet_ambient_(0x3)/hardware-ipmi-temperature
894,8.888837e-05,v_/ports#link-tr-intgw-b-2-x/metrics/network-outgoing-bytes-rate
446,8.788542e-05,v_/devices#IntGW-01/metrics/disk-write-bytes
471,8.625315e-05,v_/devices#IntGW-02/metrics/disk-device-write-latency
743,7.209096e-05,v_/ports#link-intgw-exgw-b-2-x/metrics/network-incoming-bytes
512,6.470008e-05,v_/devices#RR-01/metrics/disk-device-write-latency
472,3.705933e-05,v_/devices#IntGW-02/metrics/disk-device-write-requests
254,3.357189e-05,n_/devices/modules/Cisco-IOS-XE-interfaces-oper/interfaces/interface/diffserv-info/diffserv-target-classifier-stats/queuing-stats/output-bytes
126,1.7636581e-05,p_/computes0/metrics/hardware-ipmi-temperature#31-pci_1_zone_(0x21)/hardware-ipmi-temperature
884,0.0,v_/ports#link-tr-intgw-b-1-y/metrics/network-outgoing-packets-drop
604,0.0,v_/devices#TR-02/metrics/disk-read-bytes-rate
774,0.0,v_/ports#link-intgw-ip-a-1-x/metrics/network-outgoing-bytes-rate
956,0.0,v_/ports#link-tr-ssm-a-1-y/metrics/network-outgoing-packets-drop
775,0.0,v_/ports#link-intgw-ip-a-1-x/metrics/network-outgoing-packets
957,0.0,v_/ports#link-tr-ssm-a-1-y/metrics/network-outgoing-packets-error
776,0.0,v_/ports#link-intgw-ip-a-1-x/metrics/network-outgoing-packets-drop
608,0.0,v_/devices#TR-02/metrics/disk-usage
607,0.0,v_/devices#TR-02/metrics/disk-root-size
606,0.0,v_/devices#TR-02/metrics/disk-read-requests-rate
605,0.0,v_/devices#TR-02/metrics/disk-read-requests
603,0.0,v_/devices#TR-02/metrics/disk-read-bytes
772,0.0,v_/ports#link-intgw-ip-a-1-x/metrics/network-incoming-packets-rate
602,0.0,v_/devices#TR-02/metrics/disk-ephemeral-size
601,0.0,v_/devices#TR-02/metrics/disk-capacity
600,0.0,v_/devices#TR-02/metrics/disk-allocation
559,0.0,v_/devices#TR-01/metrics/disk-allocation
962,0.0,v_/ports#link-tr-ssm-b-1-y/metrics/network-incoming-packets-drop
963,0.0,v_/ports#link-tr-ssm-b-1-y/metrics/network-incoming-packets-error
596,0.0,v_/devices#TR-02/metrics/compute-instance-booting-time
778,0.0,v_/ports#link-intgw-ip-a-1-x/metrics/network-outgoing-packets-rate
594,0.0,v_/devices#TR-02/metrics/disk-device-write-requests
779,0.0,v_/ports#link-intgw-ip-a-2-x/metrics/network-incoming-bytes
773,0.0,v_/ports#link-intgw-ip-a-1-x/metrics/network-outgoing-bytes
771,0.0,v_/ports#link-intgw-ip-a-1-x/metrics/network-incoming-packets-error
968,0.0,v_/ports#link-tr-ssm-b-1-y/metrics/network-outgoing-packets-drop
946,0.0,v_/ports#link-tr-ip-a-1-x/metrics/network-outgoing-packets-rate
627,0.0,v_/networks#link-tr-intgw-a-3/subnets#link-tr-intgw-a-3/ip_version
626,0.0,v_/networks#link-tr-intgw-a-2/subnets#link-tr-intgw-a-2/ip_version
625,0.0,v_/networks#link-tr-intgw-a-1/subnets#link-tr-intgw-a-1/ip_version
624,0.0,v_/networks#link-intgw-ip-a-2/subnets#link-intgw-ip-a-2/ip_version
623,0.0,v_/networks#link-intgw-ip-a-1/subnets#link-intgw-ip-a-1/ip_version
622,0.0,v_/networks#link-intgw-exgw-b-3/subnets#link-intgw-exgw-b-3/ip_version
621,0.0,v_/networks#link-intgw-exgw-b-2/subnets#link-intgw-exgw-b-2/ip_version
620,0.0,v_/networks#link-intgw-exgw-b-1/subnets#link-intgw-exgw-b-1/ip_version
619,0.0,v_/networks#link-intgw-exgw-a-3/subnets#link-intgw-exgw-a-3/ip_version
945,0.0,v_/ports#link-tr-ip-a-1-x/metrics/network-outgoing-packets-error
807,0.0,v_/ports#link-tr-intgw-a-1-y/metrics/network-incoming-packets-error
613,0.0,v_/devices#TR-02/metrics/memory
768,0.0,v_/ports#link-intgw-ip-a-1-x/metrics/network-incoming-bytes-rate
769,0.0,v_/ports#link-intgw-ip-a-1-x/metrics/network-incoming-packets
618,0.0,v_/networks#link-intgw-exgw-a-2/subnets#link-intgw-exgw-a-2/ip_version
950,0.0,v_/ports#link-tr-ssm-a-1-y/metrics/network-incoming-packets-drop
951,0.0,v_/ports#link-tr-ssm-a-1-y/metrics/network-incoming-packets-error
770,0.0,v_/ports#link-intgw-ip-a-1-x/metrics/network-incoming-packets-drop
617,0.0,v_/networks#link-intgw-exgw-a-1/subnets#link-intgw-exgw-a-1/ip_version
616,0.0,v_/networks#external/subnets#external_sub/ip_version
615,0.0,v_/devices#TR-02/metrics/vcpus
614,0.0,v_/devices#TR-02/metrics/memory-resident
780,0.0,v_/ports#link-intgw-ip-a-2-x/metrics/network-incoming-bytes-rate
590,0.0,v_/devices#TR-02/metrics/disk-device-usage
629,0.0,v_/networks#link-tr-intgw-b-2/subnets#link-tr-intgw-b-2/ip_version
565,0.0,v_/devices#TR-01/metrics/disk-read-requests-rate
574,0.0,v_/devices#TR-01/metrics/vcpus
573,0.0,v_/devices#TR-01/metrics/memory-resident
572,0.0,v_/devices#TR-01/metrics/memory
980,0.0,v_/ports#link-tr-tr-a-1-x/metrics/network-outgoing-packets-drop
981,0.0,v_/ports#link-tr-tr-a-1-x/metrics/network-outgoing-packets-error
790,0.0,v_/ports#link-intgw-ip-a-2-x/metrics/network-outgoing-packets-rate
794,0.0,v_/ports#link-tr-intgw-a-1-x/metrics/network-incoming-packets-drop
795,0.0,v_/ports#link-tr-intgw-a-1-x/metrics/network-incoming-packets-error
567,0.0,v_/devices#TR-01/metrics/disk-usage
566,0.0,v_/devices#TR-01/metrics/disk-root-size
564,0.0,v_/devices#TR-01/metrics/disk-read-requests
969,0.0,v_/ports#link-tr-ssm-b-1-y/metrics/network-outgoing-packets-error
563,0.0,v_/devices#TR-01/metrics/disk-read-bytes-rate
562,0.0,v_/devices#TR-01/metrics/disk-read-bytes
986,0.0,v_/ports#link-tr-tr-a-1-y/metrics/network-incoming-packets-drop
987,0.0,v_/ports#link-tr-tr-a-1-y/metrics/network-incoming-packets-error
801,0.0,v_/ports#link-tr-intgw-a-1-x/metrics/network-outgoing-packets-error
561,0.0,v_/devices#TR-01/metrics/disk-ephemeral-size
800,0.0,v_/ports#link-tr-intgw-a-1-x/metrics/network-outgoing-packets-drop
560,0.0,v_/devices#TR-01/metrics/disk-capacity
992,0.0,v_/ports#link-tr-tr-a-1-y/metrics/network-outgoing-packets-drop
993,0.0,v_/ports#link-tr-tr-a-1-y/metrics/network-outgoing-packets-error
575,0.0,v_/devices#TR-02/flavor/ram
576,0.0,v_/devices#TR-02/flavor/vcpus
577,0.0,v_/devices#TR-02/flavor/disk
578,0.0,v_/devices#TR-02/image/min_ram
781,0.0,v_/ports#link-intgw-ip-a-2-x/metrics/network-incoming-packets
782,0.0,v_/ports#link-intgw-ip-a-2-x/metrics/network-incoming-packets-drop
589,0.0,v_/devices#TR-02/metrics/disk-device-read-requests-rate
783,0.0,v_/ports#link-intgw-ip-a-2-x/metrics/network-incoming-packets-error
974,0.0,v_/ports#link-tr-tr-a-1-x/metrics/network-incoming-packets-drop
806,0.0,v_/ports#link-tr-intgw-a-1-y/metrics/network-incoming-packets-drop
975,0.0,v_/ports#link-tr-tr-a-1-x/metrics/network-incoming-packets-error
588,0.0,v_/devices#TR-02/metrics/disk-device-read-requests
587,0.0,v_/devices#TR-02/metrics/disk-device-read-latency
586,0.0,v_/devices#TR-02/metrics/disk-device-read-bytes-rate
585,0.0,v_/devices#TR-02/metrics/disk-device-read-bytes
584,0.0,v_/devices#TR-02/metrics/disk-device-capacity
785,0.0,v_/ports#link-intgw-ip-a-2-x/metrics/network-outgoing-bytes
582,0.0,v_/devices#TR-02/power_state
581,0.0,v_/devices#TR-02/image/metrics/image-size
580,0.0,v_/devices#TR-02/image/size
786,0.0,v_/ports#link-intgw-ip-a-2-x/metrics/network-outgoing-bytes-rate
787,0.0,v_/ports#link-intgw-ip-a-2-x/metrics/network-outgoing-packets
788,0.0,v_/ports#link-intgw-ip-a-2-x/metrics/network-outgoing-packets-drop
789,0.0,v_/ports#link-intgw-ip-a-2-x/metrics/network-outgoing-packets-error
579,0.0,v_/devices#TR-02/image/min_disk
628,0.0,v_/networks#link-tr-intgw-b-1/subnets#link-tr-intgw-b-1/ip_version
630,0.0,v_/networks#link-tr-intgw-b-3/subnets#link-tr-intgw-b-3/ip_version
885,0.0,v_/ports#link-tr-intgw-b-1-y/metrics/network-outgoing-packets-error
848,0.0,v_/ports#link-tr-intgw-a-3-x/metrics/network-outgoing-packets-drop
686,0.0,v_/ports#TR-02/metrics/network-incoming-packets-drop
728,0.0,v_/ports#link-intgw-exgw-a-3-x/metrics/network-outgoing-packets-drop
855,0.0,v_/ports#link-tr-intgw-a-3-y/metrics/network-incoming-packets-error
729,0.0,v_/ports#link-intgw-exgw-a-3-x/metrics/network-outgoing-packets-error
854,0.0,v_/ports#link-tr-intgw-a-3-y/metrics/network-incoming-packets-drop
849,0.0,v_/ports#link-tr-intgw-a-3-x/metrics/network-outgoing-packets-error
681,0.0,v_/ports#TR-01/metrics/network-outgoing-packets-error
680,0.0,v_/ports#TR-01/metrics/network-outgoing-packets-drop
902,0.0,v_/ports#link-tr-intgw-b-2-y/metrics/network-incoming-packets-drop
903,0.0,v_/ports#link-tr-intgw-b-2-y/metrics/network-incoming-packets-error
843,0.0,v_/ports#link-tr-intgw-a-3-x/metrics/network-incoming-packets-error
631,0.0,v_/networks#link-tr-ip-a-1/subnets#link-tr-ip-a-1/ip_version
842,0.0,v_/ports#link-tr-intgw-a-3-x/metrics/network-incoming-packets-drop
734,0.0,v_/ports#link-intgw-exgw-b-1-x/metrics/network-incoming-packets-drop
735,0.0,v_/ports#link-intgw-exgw-b-1-x/metrics/network-incoming-packets-error
675,0.0,v_/ports#TR-01/metrics/network-incoming-packets-error
674,0.0,v_/ports#TR-01/metrics/network-incoming-packets-drop
908,0.0,v_/ports#link-tr-intgw-b-2-y/metrics/network-outgoing-packets-drop
909,0.0,v_/ports#link-tr-intgw-b-2-y/metrics/network-outgoing-packets-error
837,0.0,v_/ports#link-tr-intgw-a-2-y/metrics/network-outgoing-packets-error
836,0.0,v_/ports#link-tr-intgw-a-2-y/metrics/network-outgoing-packets-drop
740,0.0,v_/ports#link-intgw-exgw-b-1-x/metrics/network-outgoing-packets-drop
897,0.0,v_/ports#link-tr-intgw-b-2-x/metrics/network-outgoing-packets-error
687,0.0,v_/ports#TR-02/metrics/network-incoming-packets-error
860,0.0,v_/ports#link-tr-intgw-a-3-y/metrics/network-outgoing-packets-drop
861,0.0,v_/ports#link-tr-intgw-a-3-y/metrics/network-outgoing-packets-error
705,0.0,v_/ports#link-intgw-exgw-a-1-x/metrics/network-outgoing-packets-error
890,0.0,v_/ports#link-tr-intgw-b-2-x/metrics/network-incoming-packets-drop
710,0.0,v_/ports#link-intgw-exgw-a-2-x/metrics/network-incoming-packets-drop
704,0.0,v_/ports#link-intgw-exgw-a-1-x/metrics/network-outgoing-packets-drop
891,0.0,v_/ports#link-tr-intgw-b-2-x/metrics/network-incoming-packets-error
711,0.0,v_/ports#link-intgw-exgw-a-2-x/metrics/network-incoming-packets-error
879,0.0,v_/ports#link-tr-intgw-b-1-y/metrics/network-incoming-packets-error
878,0.0,v_/ports#link-tr-intgw-b-1-y/metrics/network-incoming-packets-drop
699,0.0,v_/ports#link-intgw-exgw-a-1-x/metrics/network-incoming-packets-error
698,0.0,v_/ports#link-intgw-exgw-a-1-x/metrics/network-incoming-packets-drop
873,0.0,v_/ports#link-tr-intgw-b-1-x/metrics/network-outgoing-packets-error
872,0.0,v_/ports#link-tr-intgw-b-1-x/metrics/network-outgoing-packets-drop
716,0.0,v_/ports#link-intgw-exgw-a-2-x/metrics/network-outgoing-packets-drop
717,0.0,v_/ports#link-intgw-exgw-a-2-x/metrics/network-outgoing-packets-error
722,0.0,v_/ports#link-intgw-exgw-a-3-x/metrics/network-incoming-packets-drop
723,0.0,v_/ports#link-intgw-exgw-a-3-x/metrics/network-incoming-packets-error
693,0.0,v_/ports#TR-02/metrics/network-outgoing-packets-error
692,0.0,v_/ports#TR-02/metrics/network-outgoing-packets-drop
867,0.0,v_/ports#link-tr-intgw-b-1-x/metrics/network-incoming-packets-error
896,0.0,v_/ports#link-tr-intgw-b-2-x/metrics/network-outgoing-packets-drop
866,0.0,v_/ports#link-tr-intgw-b-1-x/metrics/network-incoming-packets-drop
741,0.0,v_/ports#link-intgw-exgw-b-1-x/metrics/network-outgoing-packets-error
669,0.0,v_/ports#RR-01/metrics/network-outgoing-packets-error
668,0.0,v_/ports#RR-01/metrics/network-outgoing-packets-drop
758,0.0,v_/ports#link-intgw-exgw-b-3-x/metrics/network-incoming-packets-drop
936,0.0,v_/ports#link-tr-ip-a-1-x/metrics/network-incoming-bytes-rate
937,0.0,v_/ports#link-tr-ip-a-1-x/metrics/network-incoming-packets
938,0.0,v_/ports#link-tr-ip-a-1-x/metrics/network-incoming-packets-drop
645,0.0,v_/ports#IntGW-01/metrics/network-outgoing-packets-error
644,0.0,v_/ports#IntGW-01/metrics/network-outgoing-packets-drop
939,0.0,v_/ports#link-tr-ip-a-1-x/metrics/network-incoming-packets-error
940,0.0,v_/ports#link-tr-ip-a-1-x/metrics/network-incoming-packets-rate
941,0.0,v_/ports#link-tr-ip-a-1-x/metrics/network-outgoing-bytes
942,0.0,v_/ports#link-tr-ip-a-1-x/metrics/network-outgoing-bytes-rate
639,0.0,v_/ports#IntGW-01/metrics/network-incoming-packets-error
638,0.0,v_/ports#IntGW-01/metrics/network-incoming-packets-drop
759,0.0,v_/ports#link-intgw-exgw-b-3-x/metrics/network-incoming-packets-error
943,0.0,v_/ports#link-tr-ip-a-1-x/metrics/network-outgoing-packets
813,0.0,v_/ports#link-tr-intgw-a-1-y/metrics/network-outgoing-packets-error
812,0.0,v_/ports#link-tr-intgw-a-1-y/metrics/network-outgoing-packets-drop
944,0.0,v_/ports#link-tr-ip-a-1-x/metrics/network-outgoing-packets-drop
764,0.0,v_/ports#link-intgw-exgw-b-3-x/metrics/network-outgoing-packets-drop
765,0.0,v_/ports#link-intgw-exgw-b-3-x/metrics/network-outgoing-packets-error
634,0.0,v_/networks#link-tr-tr-a-1/subnets#link-tr-tr-a-1/ip_version
633,0.0,v_/networks#link-tr-ssm-b-1/subnets#link-tr-ssm-b-1/ip_version
632,0.0,v_/networks#link-tr-ssm-a-1/subnets#link-tr-ssm-a-1/ip_version
935,0.0,v_/ports#link-tr-ip-a-1-x/metrics/network-incoming-bytes
933,0.0,v_/ports#link-tr-intgw-b-3-y/metrics/network-outgoing-packets-error
831,0.0,v_/ports#link-tr-intgw-a-2-y/metrics/network-incoming-packets-error
818,0.0,v_/ports#link-tr-intgw-a-2-x/metrics/network-incoming-packets-drop
914,0.0,v_/ports#link-tr-intgw-b-3-x/metrics/network-incoming-packets-drop
915,0.0,v_/ports#link-tr-intgw-b-3-x/metrics/network-incoming-packets-error
830,0.0,v_/ports#link-tr-intgw-a-2-y/metrics/network-incoming-packets-drop
663,0.0,v_/ports#RR-01/metrics/network-incoming-packets-error
662,0.0,v_/ports#RR-01/metrics/network-incoming-packets-drop
920,0.0,v_/ports#link-tr-intgw-b-3-x/metrics/network-outgoing-packets-drop
746,0.0,v_/ports#link-intgw-exgw-b-2-x/metrics/network-incoming-packets-drop
921,0.0,v_/ports#link-tr-intgw-b-3-x/metrics/network-outgoing-packets-error
747,0.0,v_/ports#link-intgw-exgw-b-2-x/metrics/network-incoming-packets-error
657,0.0,v_/ports#IntGW-02/metrics/network-outgoing-packets-error
656,0.0,v_/ports#IntGW-02/metrics/network-outgoing-packets-drop
825,0.0,v_/ports#link-tr-intgw-a-2-x/metrics/network-outgoing-packets-error
824,0.0,v_/ports#link-tr-intgw-a-2-x/metrics/network-outgoing-packets-drop
926,0.0,v_/ports#link-tr-intgw-b-3-y/metrics/network-incoming-packets-drop
752,0.0,v_/ports#link-intgw-exgw-b-2-x/metrics/network-outgoing-packets-drop
651,0.0,v_/ports#IntGW-02/metrics/network-incoming-packets-error
650,0.0,v_/ports#IntGW-02/metrics/network-incoming-packets-drop
927,0.0,v_/ports#link-tr-intgw-b-3-y/metrics/network-incoming-packets-error
753,0.0,v_/ports#link-intgw-exgw-b-2-x/metrics/network-outgoing-packets-error
932,0.0,v_/ports#link-tr-intgw-b-3-y/metrics/network-outgoing-packets-drop
819,0.0,v_/ports#link-tr-intgw-a-2-x/metrics/network-incoming-packets-error
777,0.0,v_/ports#link-intgw-ip-a-1-x/metrics/network-outgoing-packets-error
0,0.0,p_/computes0/service/id
555,0.0,v_/devices#TR-01/metrics/compute-instance-booting-time
196,0.0,n_/devices/modules/Cisco-IOS-XE-interfaces-oper/interfaces/interface/statistics/in-unicast-pkts
185,0.0,n_/devices/modules/ietf-interfaces/interfaces-state/interface/statistics/in-errors
186,0.0,n_/devices/modules/ietf-interfaces/interfaces-state/interface/statistics/in-unknown-protos
187,0.0,n_/devices/modules/ietf-interfaces/interfaces-state/interface/statistics/out-octets
188,0.0,n_/devices/modules/ietf-interfaces/interfaces-state/interface/statistics/out-unicast-pkts
189,0.0,n_/devices/modules/ietf-interfaces/interfaces-state/interface/statistics/out-broadcast-pkts
190,0.0,n_/devices/modules/ietf-interfaces/interfaces-state/interface/statistics/out-multicast-pkts
191,0.0,n_/devices/modules/ietf-interfaces/interfaces-state/interface/statistics/out-discards
192,0.0,n_/devices/modules/ietf-interfaces/interfaces-state/interface/statistics/out-errors
193,0.0,n_/devices/modules/Cisco-IOS-XE-interfaces-oper/interfaces/interface/if-index
194,0.0,n_/devices/modules/Cisco-IOS-XE-interfaces-oper/interfaces/interface/speed
195,0.0,n_/devices/modules/Cisco-IOS-XE-interfaces-oper/interfaces/interface/statistics/in-octets
197,0.0,n_/devices/modules/Cisco-IOS-XE-interfaces-oper/interfaces/interface/statistics/in-broadcast-pkts
155,0.0,n_/devices/modules/openconfig-interfaces/interfaces/interface/state/counters/out-multicast-pkts
198,0.0,n_/devices/modules/Cisco-IOS-XE-interfaces-oper/interfaces/interface/statistics/in-multicast-pkts
199,0.0,n_/devices/modules/Cisco-IOS-XE-interfaces-oper/interfaces/interface/statistics/in-discards
200,0.0,n_/devices/modules/Cisco-IOS-XE-interfaces-oper/interfaces/interface/statistics/in-errors
201,0.0,n_/devices/modules/Cisco-IOS-XE-interfaces-oper/interfaces/interface/statistics/in-unknown-protos
202,0.0,n_/devices/modules/Cisco-IOS-XE-interfaces-oper/interfaces/interface/statistics/out-octets
203,0.0,n_/devices/modules/Cisco-IOS-XE-interfaces-oper/interfaces/interface/statistics/out-unicast-pkts
204,0.0,n_/devices/modules/Cisco-IOS-XE-interfaces-oper/interfaces/interface/statistics/out-broadcast-pkts
205,0.0,n_/devices/modules/Cisco-IOS-XE-interfaces-oper/interfaces/interface/statistics/out-multicast-pkts
206,0.0,n_/devices/modules/Cisco-IOS-XE-interfaces-oper/interfaces/interface/statistics/out-discards
207,0.0,n_/devices/modules/Cisco-IOS-XE-interfaces-oper/interfaces/interface/statistics/out-errors
212,0.0,n_/devices/modules/Cisco-IOS-XE-interfaces-oper/interfaces/interface/statistics/num-flaps
184,0.0,n_/devices/modules/ietf-interfaces/interfaces-state/interface/statistics/in-discards
183,0.0,n_/devices/modules/ietf-interfaces/interfaces-state/interface/statistics/in-multicast-pkts
182,0.0,n_/devices/modules/ietf-interfaces/interfaces-state/interface/statistics/in-broadcast-pkts
181,0.0,n_/devices/modules/ietf-interfaces/interfaces-state/interface/statistics/in-unicast-pkts
157,0.0,n_/devices/modules/openconfig-interfaces/interfaces/interface/state/counters/out-errors
159,0.0,n_/devices/modules/openconfig-interfaces/interfaces/interface/subinterfaces/subinterface/index
160,0.0,n_/devices/modules/openconfig-interfaces/interfaces/interface/subinterfaces/subinterface/config/index
161,0.0,n_/devices/modules/openconfig-interfaces/interfaces/interface/subinterfaces/subinterface/state/ifindex
162,0.0,n_/devices/modules/openconfig-interfaces/interfaces/interface/subinterfaces/subinterface/state/last-change
163,0.0,n_/devices/modules/openconfig-interfaces/interfaces/interface/subinterfaces/subinterface/state/counters/in-octets
164,0.0,n_/devices/modules/openconfig-interfaces/interfaces/interface/subinterfaces/subinterface/state/counters/in-unicast-pkts
165,0.0,n_/devices/modules/openconfig-interfaces/interfaces/interface/subinterfaces/subinterface/state/counters/in-broadcast-pkts
166,0.0,n_/devices/modules/openconfig-interfaces/interfaces/interface/subinterfaces/subinterface/state/counters/in-multicast-pkts
167,0.0,n_/devices/modules/openconfig-interfaces/interfaces/interface/subinterfaces/subinterface/state/counters/in-discards
168,0.0,n_/devices/modules/openconfig-interfaces/interfaces/interface/subinterfaces/subinterface/state/counters/in-errors
169,0.0,n_/devices/modules/openconfig-interfaces/interfaces/interface/subinterfaces/subinterface/state/counters/in-unknown-protos
170,0.0,n_/devices/modules/openconfig-interfaces/interfaces/interface/subinterfaces/subinterface/state/counters/in-fcs-errors
171,0.0,n_/devices/modules/openconfig-interfaces/interfaces/interface/subinterfaces/subinterface/state/counters/out-octets
172,0.0,n_/devices/modules/openconfig-interfaces/interfaces/interface/subinterfaces/subinterface/state/counters/out-unicast-pkts
173,0.0,n_/devices/modules/openconfig-interfaces/interfaces/interface/subinterfaces/subinterface/state/counters/out-broadcast-pkts
174,0.0,n_/devices/modules/openconfig-interfaces/interfaces/interface/subinterfaces/subinterface/state/counters/out-multicast-pkts
175,0.0,n_/devices/modules/openconfig-interfaces/interfaces/interface/subinterfaces/subinterface/state/counters/out-discards
176,0.0,n_/devices/modules/openconfig-interfaces/interfaces/interface/subinterfaces/subinterface/state/counters/out-errors
177,0.0,n_/devices/modules/openconfig-interfaces/interfaces/interface/subinterfaces/subinterface/state/counters/last-clear
178,0.0,n_/devices/modules/ietf-interfaces/interfaces-state/interface/if-index
179,0.0,n_/devices/modules/ietf-interfaces/interfaces-state/interface/speed
180,0.0,n_/devices/modules/ietf-interfaces/interfaces-state/interface/statistics/in-octets
213,0.0,n_/devices/modules/Cisco-IOS-XE-interfaces-oper/interfaces/interface/statistics/in-crc-errors
214,0.0,n_/devices/modules/Cisco-IOS-XE-interfaces-oper/interfaces/interface/mtu
217,0.0,n_/devices/modules/Cisco-IOS-XE-interfaces-oper/interfaces/interface/v4-protocol-stats/in-error-pkts
246,0.0,n_/devices/modules/Cisco-IOS-XE-interfaces-oper/interfaces/interface/ether-stats/in-8021q-frames
248,0.0,n_/devices/modules/Cisco-IOS-XE-interfaces-oper/interfaces/interface/ether-stats/out-mac-pause-frames
249,0.0,n_/devices/modules/Cisco-IOS-XE-interfaces-oper/interfaces/interface/ether-stats/out-8021q-frames
251,0.0,n_/devices/modules/Cisco-IOS-XE-interfaces-oper/interfaces/interface/diffserv-info/diffserv-target-classifier-stats/classifier-entry-stats/classified-bytes
256,0.0,n_/devices/modules/Cisco-IOS-XE-interfaces-oper/interfaces/interface/diffserv-info/diffserv-target-classifier-stats/queuing-stats/queue-size-bytes
258,0.0,n_/devices/modules/Cisco-IOS-XE-interfaces-oper/interfaces/interface/diffserv-info/diffserv-target-classifier-stats/queuing-stats/drop-bytes
259,0.0,n_/devices/modules/Cisco-IOS-XE-interfaces-oper/interfaces/interface/diffserv-info/diffserv-target-classifier-stats/queuing-stats/wred-stats/early-drop-pkts
260,0.0,n_/devices/modules/Cisco-IOS-XE-interfaces-oper/interfaces/interface/diffserv-info/diffserv-target-classifier-stats/queuing-stats/wred-stats/early-drop-bytes
261,0.0,n_/devices/modules/Cisco-IOS-XE-interfaces-oper/interfaces/interface/diffserv-info/diffserv-target-classifier-stats/queuing-stats/wred-stats/mean-queue-depth
262,0.0,n_/devices/modules/Cisco-IOS-XE-interfaces-oper/interfaces/interface/diffserv-info/diffserv-target-classifier-stats/queuing-stats/wred-stats/transmitted-pkts
263,0.0,n_/devices/modules/Cisco-IOS-XE-interfaces-oper/interfaces/interface/diffserv-info/diffserv-target-classifier-stats/queuing-stats/wred-stats/transmitted-bytes
264,0.0,n_/devices/modules/Cisco-IOS-XE-interfaces-oper/interfaces/interface/diffserv-info/diffserv-target-classifier-stats/queuing-stats/wred-stats/tail-drop-pkts
265,0.0,n_/devices/modules/Cisco-IOS-XE-interfaces-oper/interfaces/interface/diffserv-info/diffserv-target-classifier-stats/queuing-stats/wred-stats/tail-drop-bytes
266,0.0,n_/devices/modules/Cisco-IOS-XE-interfaces-oper/interfaces/interface/diffserv-info/diffserv-target-classifier-stats/queuing-stats/wred-stats/drop-pkts-flow
267,0.0,n_/devices/modules/Cisco-IOS-XE-interfaces-oper/interfaces/interface/diffserv-info/diffserv-target-classifier-stats/queuing-stats/wred-stats/drop-pkts-no-buffer
268,0.0,n_/devices/modules/Cisco-IOS-XE-interfaces-oper/interfaces/interface/diffserv-info/diffserv-target-classifier-stats/queuing-stats/wred-stats/queue-peak-size-pkts
269,0.0,n_/devices/modules/Cisco-IOS-XE-interfaces-oper/interfaces/interface/diffserv-info/diffserv-target-classifier-stats/queuing-stats/wred-stats/queue-peak-size-bytes
270,0.0,n_/devices/modules/Cisco-IOS-XE-interfaces-oper/interfaces/interface/diffserv-info/diffserv-target-classifier-stats/queuing-stats/wred-stats/bandwidth-exceed-drops
271,0.0,n_/devices/modules/Cisco-IOS-XE-interfaces-oper/interfaces/interface/diffserv-info/diffserv-target-classifier-stats/queuing-stats/cac-stats/num-admitted-flows
272,0.0,n_/devices/modules/Cisco-IOS-XE-interfaces-oper/interfaces/interface/diffserv-info/diffserv-target-classifier-stats/queuing-stats/cac-stats/num-non-admitted-flows
273,0.0,n_/devices/modules/Cisco-IOS-XE-interfaces-oper/interfaces/interface/diffserv-info/diffserv-target-classifier-stats/marking-stats/marking-dscp-stats-val/dscp
274,0.0,n_/devices/modules/Cisco-IOS-XE-interfaces-oper/interfaces/interface/diffserv-info/diffserv-target-classifier-stats/marking-stats/marking-dscp-stats-val/marked-pkts
275,0.0,n_/devices/modules/Cisco-IOS-XE-interfaces-oper/interfaces/interface/diffserv-info/diffserv-target-classifier-stats/marking-stats/marking-dscp-tunnel-stats-val/dscp-val
276,0.0,n_/devices/modules/Cisco-IOS-XE-interfaces-oper/interfaces/interface/diffserv-info/diffserv-target-classifier-stats/marking-stats/marking-dscp-tunnel-stats-val/marked-pkts
247,0.0,n_/devices/modules/Cisco-IOS-XE-interfaces-oper/interfaces/interface/ether-stats/out-mac-control-frames
245,0.0,n_/devices/modules/Cisco-IOS-XE-interfaces-oper/interfaces/interface/ether-stats/in-fragment-frames
218,0.0,n_/devices/modules/Cisco-IOS-XE-interfaces-oper/interfaces/interface/v4-protocol-stats/in-forwarded-pkts
244,0.0,n_/devices/modules/Cisco-IOS-XE-interfaces-oper/interfaces/interface/ether-stats/in-jabber-frames
219,0.0,n_/devices/modules/Cisco-IOS-XE-interfaces-oper/interfaces/interface/v4-protocol-stats/in-forwarded-octets
220,0.0,n_/devices/modules/Cisco-IOS-XE-interfaces-oper/interfaces/interface/v4-protocol-stats/in-discarded-pkts
223,0.0,n_/devices/modules/Cisco-IOS-XE-interfaces-oper/interfaces/interface/v4-protocol-stats/out-error-pkts
224,0.0,n_/devices/modules/Cisco-IOS-XE-interfaces-oper/interfaces/interface/v4-protocol-stats/out-forwarded-pkts
225,0.0,n_/devices/modules/Cisco-IOS-XE-interfaces-oper/interfaces/interface/v4-protocol-stats/out-forwarded-octets
226,0.0,n_/devices/modules/Cisco-IOS-XE-interfaces-oper/interfaces/interface/v4-protocol-stats/out-discarded-pkts
227,0.0,n_/devices/modules/Cisco-IOS-XE-interfaces-oper/interfaces/interface/v6-protocol-stats/in-pkts
228,0.0,n_/devices/modules/Cisco-IOS-XE-interfaces-oper/interfaces/interface/v6-protocol-stats/in-octets
229,0.0,n_/devices/modules/Cisco-IOS-XE-interfaces-oper/interfaces/interface/v6-protocol-stats/in-error-pkts
230,0.0,n_/devices/modules/Cisco-IOS-XE-interfaces-oper/interfaces/interface/v6-protocol-stats/in-forwarded-pkts
231,0.0,n_/devices/modules/Cisco-IOS-XE-interfaces-oper/interfaces/interface/v6-protocol-stats/in-forwarded-octets
232,0.0,n_/devices/modules/Cisco-IOS-XE-interfaces-oper/interfaces/interface/v6-protocol-stats/in-discarded-pkts
233,0.0,n_/devices/modules/Cisco-IOS-XE-interfaces-oper/interfaces/interface/v6-protocol-stats/out-pkts
234,0.0,n_/devices/modules/Cisco-IOS-XE-interfaces-oper/interfaces/interface/v6-protocol-stats/out-octets
235,0.0,n_/devices/modules/Cisco-IOS-XE-interfaces-oper/interfaces/interface/v6-protocol-stats/out-error-pkts
236,0.0,n_/devices/modules/Cisco-IOS-XE-interfaces-oper/interfaces/interface/v6-protocol-stats/out-forwarded-pkts
237,0.0,n_/devices/modules/Cisco-IOS-XE-interfaces-oper/interfaces/interface/v6-protocol-stats/out-forwarded-octets
238,0.0,n_/devices/modules/Cisco-IOS-XE-interfaces-oper/interfaces/interface/v6-protocol-stats/out-discarded-pkts
239,0.0,n_/devices/modules/Cisco-IOS-XE-interfaces-oper/interfaces/interface/ipv4-tcp-adjust-mss
240,0.0,n_/devices/modules/Cisco-IOS-XE-interfaces-oper/interfaces/interface/ipv6-tcp-adjust-mss
241,0.0,n_/devices/modules/Cisco-IOS-XE-interfaces-oper/interfaces/interface/ether-stats/in-mac-control-frames
242,0.0,n_/devices/modules/Cisco-IOS-XE-interfaces-oper/interfaces/interface/ether-stats/in-mac-pause-frames
243,0.0,n_/devices/modules/Cisco-IOS-XE-interfaces-oper/interfaces/interface/ether-stats/in-oversize-frames
156,0.0,n_/devices/modules/openconfig-interfaces/interfaces/interface/state/counters/out-discards
154,0.0,n_/devices/modules/openconfig-interfaces/interfaces/interface/state/counters/out-broadcast-pkts
278,0.0,n_/devices/modules/Cisco-IOS-XE-interfaces-oper/interfaces/interface/diffserv-info/diffserv-target-classifier-stats/marking-stats/marking-cos-stats-val/marked-pkts
60,0.0,p_/computes0/metrics/hardware-disk#loop5/hardware-disk-write-requests
49,0.0,p_/computes0/metrics/hardware-disk#loop2/hardware-disk-read-bytes
50,0.0,p_/computes0/metrics/hardware-disk#loop2/hardware-disk-read-requests
51,0.0,p_/computes0/metrics/hardware-disk#loop2/hardware-disk-write-bytes
52,0.0,p_/computes0/metrics/hardware-disk#loop2/hardware-disk-write-requests
53,0.0,p_/computes0/metrics/hardware-disk#loop0/hardware-disk-read-bytes
54,0.0,p_/computes0/metrics/hardware-disk#loop0/hardware-disk-read-requests
55,0.0,p_/computes0/metrics/hardware-disk#loop0/hardware-disk-write-bytes
56,0.0,p_/computes0/metrics/hardware-disk#loop0/hardware-disk-write-requests
57,0.0,p_/computes0/metrics/hardware-disk#loop5/hardware-disk-read-bytes
58,0.0,p_/computes0/metrics/hardware-disk#loop5/hardware-disk-read-requests
59,0.0,p_/computes0/metrics/hardware-disk#loop5/hardware-disk-write-bytes
61,0.0,p_/computes0/metrics/hardware-disk#tmpfs/hardware-disk-size-total
151,0.0,n_/devices/modules/openconfig-interfaces/interfaces/interface/state/counters/in-fcs-errors
62,0.0,p_/computes0/metrics/hardware-disk#tmpfs/hardware-disk-size-used
64,0.0,p_/computes0/metrics/hardware-disk#nvme0n1p2/hardware-disk-read-requests
67,0.0,p_/computes0/metrics/hardware-disk#loop7/hardware-disk-read-bytes
68,0.0,p_/computes0/metrics/hardware-disk#loop7/hardware-disk-read-requests
69,0.0,p_/computes0/metrics/hardware-disk#loop7/hardware-disk-write-bytes
70,0.0,p_/computes0/metrics/hardware-disk#loop7/hardware-disk-write-requests
71,0.0,p_/computes0/metrics/hardware-disk#loop6/hardware-disk-read-bytes
72,0.0,p_/computes0/metrics/hardware-disk#loop6/hardware-disk-read-requests
73,0.0,p_/computes0/metrics/hardware-disk#loop6/hardware-disk-write-bytes
74,0.0,p_/computes0/metrics/hardware-disk#loop6/hardware-disk-write-requests
75,0.0,p_/computes0/metrics/hardware-disk#loop3/hardware-disk-read-bytes
47,0.0,p_/computes0/metrics/hardware-disk#_dev_nvme0n1p2/hardware-disk-size-total
46,0.0,p_/computes0/metrics/hardware-disk#_dev_nvme0n1p1/hardware-disk-size-used
45,0.0,p_/computes0/metrics/hardware-disk#_dev_nvme0n1p1/hardware-disk-size-total
43,0.0,p_/computes0/metrics/hardware/hardware-system_stats-io-incoming-blocks
2,0.0,p_/computes0/local_gb_used
3,0.0,p_/computes0/vcpus
4,0.0,p_/computes0/memory_mb_used
5,0.0,p_/computes0/memory_mb
6,0.0,p_/computes0/current_workload
7,0.0,p_/computes0/cpu_info/topology/cores
8,0.0,p_/computes0/cpu_info/topology/cells
9,0.0,p_/computes0/cpu_info/topology/threads
10,0.0,p_/computes0/cpu_info/topology/sockets
11,0.0,p_/computes0/running_vms
12,0.0,p_/computes0/free_disk_gb
13,0.0,p_/computes0/hypervisor_version
14,0.0,p_/computes0/disk_available_least
15,0.0,p_/computes0/local_gb
16,0.0,p_/computes0/free_ram_mb
17,0.0,p_/computes0/id
21,0.0,p_/computes0/metrics/compute-node/compute-node-cpu-iowait-percent
23,0.0,p_/computes0/metrics/compute-node/compute-node-cpu-kernel-percent
32,0.0,p_/computes0/metrics/hardware/hardware-disk-size-total
33,0.0,p_/computes0/metrics/hardware/hardware-disk-size-used
36,0.0,p_/computes0/metrics/hardware/hardware-memory-swap-avail
37,0.0,p_/computes0/metrics/hardware/hardware-memory-swap-total
38,0.0,p_/computes0/metrics/hardware/hardware-memory-total
76,0.0,p_/computes0/metrics/hardware-disk#loop3/hardware-disk-read-requests
77,0.0,p_/computes0/metrics/hardware-disk#loop3/hardware-disk-write-bytes
78,0.0,p_/computes0/metrics/hardware-disk#loop3/hardware-disk-write-requests
113,0.0,p_/computes0/metrics/hardware-ipmi-temperature#14-vr_p2_(0x10)/hardware-ipmi-temperature
116,0.0,p_/computes0/metrics/hardware-ipmi-temperature#33-pci_3_zone_(0x23)/hardware-ipmi-temperature
117,0.0,p_/computes0/metrics/hardware-ipmi-temperature#11-ps_1_inlet_(0xd)/hardware-ipmi-temperature
119,0.0,p_/computes0/metrics/hardware-ipmi-temperature#13-vr_p1_(0xf)/hardware-ipmi-temperature
120,0.0,p_/computes0/metrics/hardware-ipmi-temperature#18-vr_p2_mem_(0x14)/hardware-ipmi-temperature
121,0.0,p_/computes0/metrics/hardware-ipmi-temperature#16-vr_p1_mem_(0x12)/hardware-ipmi-temperature
122,0.0,p_/computes0/metrics/hardware-ipmi-temperature#17-vr_p2_mem_(0x13)/hardware-ipmi-temperature
123,0.0,p_/computes0/metrics/hardware-ipmi-temperature#24-hd_controller_(0x1a)/hardware-ipmi-temperature
124,0.0,p_/computes0/metrics/hardware-ipmi-temperature#28-p_s_2_zone_(0x1e)/hardware-ipmi-temperature
125,0.0,p_/computes0/metrics/hardware-ipmi-temperature#15-vr_p1_mem_(0x11)/hardware-ipmi-temperature
127,0.0,p_/computes0/metrics/hardware-ipmi-temperature#26-lom_(0x1c)/hardware-ipmi-temperature
128,0.0,p_/computes0/metrics/hardware-ipmi-temperature#36-storage_batt_(0x26)/hardware-ipmi-temperature
132,0.0,p_/computes0/metrics/hardware-ipmi-temperature#02-cpu_1_(0x4)/hardware-ipmi-temperature
135,0.0,p_/computes0/metrics/hardware-ipmi-temperature#06-p2_dimm_1-6_(0x8)/hardware-ipmi-temperature
136,0.0,p_/computes0/metrics/hardware-ipmi-temperature#29-battery_zone_(0x1f)/hardware-ipmi-temperature
137,0.0,p_/computes0/metrics/hardware-ipmi-temperature#21-pci_1_(0x17)/hardware-ipmi-temperature
138,0.0,p_/computes0/metrics/hardware-ipmi-temperature#10-chipset_(0xc)/hardware-ipmi-temperature
139,0.0,p_/computes0/metrics/hardware-ipmi-temperature#35-i_o_zone_(0x25)/hardware-ipmi-temperature
142,0.0,n_/devices/modules/openconfig-interfaces/interfaces/interface/state/ifindex
146,0.0,n_/devices/modules/openconfig-interfaces/interfaces/interface/state/counters/in-broadcast-pkts
147,0.0,n_/devices/modules/openconfig-interfaces/interfaces/interface/state/counters/in-multicast-pkts
148,0.0,n_/devices/modules/openconfig-interfaces/interfaces/interface/state/counters/in-discards
149,0.0,n_/devices/modules/openconfig-interfaces/interfaces/interface/state/counters/in-errors
150,0.0,n_/devices/modules/openconfig-interfaces/interfaces/interface/state/counters/in-unknown-protos
114,0.0,p_/computes0/metrics/hardware-ipmi-temperature#04-p1_dimm_1-6_(0x6)/hardware-ipmi-temperature
109,0.0,p_/computes0/metrics/hardware-ipmi-temperature#32-pci_2_zone_(0x22)/hardware-ipmi-temperature
79,0.0,p_/computes0/metrics/hardware-disk#nvme0n1p1/hardware-disk-read-bytes
108,0.0,p_/computes0/metrics/hardware-ipmi-fan#fan_7_(0x3a)/hardware-ipmi-fan
80,0.0,p_/computes0/metrics/hardware-disk#nvme0n1p1/hardware-disk-read-requests
81,0.0,p_/computes0/metrics/hardware-disk#nvme0n1p1/hardware-disk-write-bytes
82,0.0,p_/computes0/metrics/hardware-disk#nvme0n1p1/hardware-disk-write-requests
83,0.0,p_/computes0/metrics/hardware-disk#loop1/hardware-disk-read-bytes
84,0.0,p_/computes0/metrics/hardware-disk#loop1/hardware-disk-read-requests
85,0.0,p_/computes0/metrics/hardware-disk#loop1/hardware-disk-write-bytes
86,0.0,p_/computes0/metrics/hardware-disk#loop1/hardware-disk-write-requests
87,0.0,p_/computes0/metrics/hardware-disk#nvme0n1/hardware-disk-read-bytes
88,0.0,p_/computes0/metrics/hardware-disk#nvme0n1/hardware-disk-read-requests
91,0.0,p_/computes0/metrics/hardware-disk#loop4/hardware-disk-read-bytes
92,0.0,p_/computes0/metrics/hardware-disk#loop4/hardware-disk-read-requests
93,0.0,p_/computes0/metrics/hardware-disk#loop4/hardware-disk-write-bytes
94,0.0,p_/computes0/metrics/hardware-disk#loop4/hardware-disk-write-requests
95,0.0,p_/computes0/metrics/hardware-ipmi-fan#fan_4_(0x31)/hardware-ipmi-fan
96,0.0,p_/computes0/metrics/hardware-ipmi-fan#fan_1_dutycycle_(0x29)/hardware-ipmi-fan
98,0.0,p_/computes0/metrics/hardware-ipmi-fan#fan_1_(0x28)/hardware-ipmi-fan
100,0.0,p_/computes0/metrics/hardware-ipmi-fan#fan_3_dutycycle_(0x2f)/hardware-ipmi-fan
101,0.0,p_/computes0/metrics/hardware-ipmi-fan#fan_2_(0x2b)/hardware-ipmi-fan
102,0.0,p_/computes0/metrics/hardware-ipmi-fan#fan_6_dutycycle_(0x38)/hardware-ipmi-fan
104,0.0,p_/computes0/metrics/hardware-ipmi-fan#fan_6_(0x37)/hardware-ipmi-fan
105,0.0,p_/computes0/metrics/hardware-ipmi-fan#fan_3_(0x2e)/hardware-ipmi-fan
106,0.0,p_/computes0/metrics/hardware-ipmi-fan#fan_4_dutycycle_(0x32)/hardware-ipmi-fan
107,0.0,p_/computes0/metrics/hardware-ipmi-fan#fan_5_dutycycle_(0x35)/hardware-ipmi-fan
277,0.0,n_/devices/modules/Cisco-IOS-XE-interfaces-oper/interfaces/interface/diffserv-info/diffserv-target-classifier-stats/marking-stats/marking-cos-stats-val/cos-val
279,0.0,n_/devices/modules/Cisco-IOS-XE-interfaces-oper/interfaces/interface/diffserv-info/diffserv-target-classifier-stats/marking-stats/marking-cos-inner-stats-val/cos-inner-val
553,0.0,v_/devices#TR-01/metrics/disk-device-write-requests
459,0.0,v_/devices#IntGW-02/image/metrics/image-size
444,0.0,v_/devices#IntGW-01/metrics/disk-root-size
445,0.0,v_/devices#IntGW-01/metrics/disk-usage
450,0.0,v_/devices#IntGW-01/metrics/memory
451,0.0,v_/devices#IntGW-01/metrics/memory-resident
452,0.0,v_/devices#IntGW-01/metrics/vcpus
453,0.0,v_/devices#IntGW-02/flavor/ram
454,0.0,v_/devices#IntGW-02/flavor/vcpus
455,0.0,v_/devices#IntGW-02/flavor/disk
456,0.0,v_/devices#IntGW-02/image/min_ram
457,0.0,v_/devices#IntGW-02/image/min_disk
458,0.0,v_/devices#IntGW-02/image/size
460,0.0,v_/devices#IntGW-02/power_state
408,0.0,n_/devices/modules/Cisco-IOS-XE-memory-oper/memory-statistics/memory-statistic/lowest-usage
461,0.0,v_/devices#IntGW-02/metrics/disk-device-allocation
462,0.0,v_/devices#IntGW-02/metrics/disk-device-capacity
463,0.0,v_/devices#IntGW-02/metrics/disk-device-read-bytes
464,0.0,v_/devices#IntGW-02/metrics/disk-device-read-bytes-rate
465,0.0,v_/devices#IntGW-02/metrics/disk-device-read-latency
466,0.0,v_/devices#IntGW-02/metrics/disk-device-read-requests
467,0.0,v_/devices#IntGW-02/metrics/disk-device-read-requests-rate
468,0.0,v_/devices#IntGW-02/metrics/disk-device-usage
474,0.0,v_/devices#IntGW-02/metrics/compute-instance-booting-time
478,0.0,v_/devices#IntGW-02/metrics/disk-allocation
479,0.0,v_/devices#IntGW-02/metrics/disk-capacity
443,0.0,v_/devices#IntGW-01/metrics/disk-read-requests-rate
442,0.0,v_/devices#IntGW-01/metrics/disk-read-requests
441,0.0,v_/devices#IntGW-01/metrics/disk-read-bytes-rate
440,0.0,v_/devices#IntGW-01/metrics/disk-read-bytes
410,0.0,n_nexthop
411,0.0,n_prefix
412,0.0,v_/devices#IntGW-01/flavor/ram
413,0.0,v_/devices#IntGW-01/flavor/vcpus
414,0.0,v_/devices#IntGW-01/flavor/disk
415,0.0,v_/devices#IntGW-01/image/min_ram
416,0.0,v_/devices#IntGW-01/image/min_disk
417,0.0,v_/devices#IntGW-01/image/size
418,0.0,v_/devices#IntGW-01/image/metrics/image-size
419,0.0,v_/devices#IntGW-01/power_state
420,0.0,v_/devices#IntGW-01/metrics/disk-device-allocation
421,0.0,v_/devices#IntGW-01/metrics/disk-device-capacity
422,0.0,v_/devices#IntGW-01/metrics/disk-device-read-bytes
423,0.0,v_/devices#IntGW-01/metrics/disk-device-read-bytes-rate
424,0.0,v_/devices#IntGW-01/metrics/disk-device-read-latency
425,0.0,v_/devices#IntGW-01/metrics/disk-device-read-requests
426,0.0,v_/devices#IntGW-01/metrics/disk-device-read-requests-rate
427,0.0,v_/devices#IntGW-01/metrics/disk-device-usage
431,0.0,v_/devices#IntGW-01/metrics/disk-device-write-requests
433,0.0,v_/devices#IntGW-01/metrics/compute-instance-booting-time
437,0.0,v_/devices#IntGW-01/metrics/disk-allocation
438,0.0,v_/devices#IntGW-01/metrics/disk-capacity
439,0.0,v_/devices#IntGW-01/metrics/disk-ephemeral-size
480,0.0,v_/devices#IntGW-02/metrics/disk-ephemeral-size
481,0.0,v_/devices#IntGW-02/metrics/disk-read-bytes
482,0.0,v_/devices#IntGW-02/metrics/disk-read-bytes-rate
520,0.0,v_/devices#RR-01/metrics/disk-ephemeral-size
522,0.0,v_/devices#RR-01/metrics/disk-read-bytes-rate
523,0.0,v_/devices#RR-01/metrics/disk-read-requests
524,0.0,v_/devices#RR-01/metrics/disk-read-requests-rate
525,0.0,v_/devices#RR-01/metrics/disk-root-size
526,0.0,v_/devices#RR-01/metrics/disk-usage
531,0.0,v_/devices#RR-01/metrics/memory
532,0.0,v_/devices#RR-01/metrics/memory-resident
533,0.0,v_/devices#RR-01/metrics/vcpus
534,0.0,v_/devices#TR-01/flavor/ram
535,0.0,v_/devices#TR-01/flavor/vcpus
536,0.0,v_/devices#TR-01/flavor/disk
537,0.0,v_/devices#TR-01/image/min_ram
538,0.0,v_/devices#TR-01/image/min_disk
539,0.0,v_/devices#TR-01/image/size
540,0.0,v_/devices#TR-01/image/metrics/image-size
541,0.0,v_/devices#TR-01/power_state
543,0.0,v_/devices#TR-01/metrics/disk-device-capacity
544,0.0,v_/devices#TR-01/metrics/disk-device-read-bytes
545,0.0,v_/devices#TR-01/metrics/disk-device-read-bytes-rate
546,0.0,v_/devices#TR-01/metrics/disk-device-read-latency
547,0.0,v_/devices#TR-01/metrics/disk-device-read-requests
548,0.0,v_/devices#TR-01/metrics/disk-device-read-requests-rate
549,0.0,v_/devices#TR-01/metrics/disk-device-usage
521,0.0,v_/devices#RR-01/metrics/disk-read-bytes
519,0.0,v_/devices#RR-01/metrics/disk-capacity
483,0.0,v_/devices#IntGW-02/metrics/disk-read-requests
518,0.0,v_/devices#RR-01/metrics/disk-allocation
484,0.0,v_/devices#IntGW-02/metrics/disk-read-requests-rate
485,0.0,v_/devices#IntGW-02/metrics/disk-root-size
486,0.0,v_/devices#IntGW-02/metrics/disk-usage
491,0.0,v_/devices#IntGW-02/metrics/memory
492,0.0,v_/devices#IntGW-02/metrics/memory-resident
493,0.0,v_/devices#IntGW-02/metrics/vcpus
494,0.0,v_/devices#RR-01/flavor/ram
495,0.0,v_/devices#RR-01/flavor/vcpus
496,0.0,v_/devices#RR-01/flavor/disk
1,0.0,p_/computes0/vcpus_used
498,0.0,v_/devices#RR-01/image/min_disk
499,0.0,v_/devices#RR-01/image/size
500,0.0,v_/devices#RR-01/image/metrics/image-size
501,0.0,v_/devices#RR-01/power_state
502,0.0,v_/devices#RR-01/metrics/disk-device-allocation
503,0.0,v_/devices#RR-01/metrics/disk-device-capacity
504,0.0,v_/devices#RR-01/metrics/disk-device-read-bytes
505,0.0,v_/devices#RR-01/metrics/disk-device-read-bytes-rate
506,0.0,v_/devices#RR-01/metrics/disk-device-read-latency
507,0.0,v_/devices#RR-01/metrics/disk-device-read-requests
508,0.0,v_/devices#RR-01/metrics/disk-device-read-requests-rate
509,0.0,v_/devices#RR-01/metrics/disk-device-usage
513,0.0,v_/devices#RR-01/metrics/disk-device-write-requests
409,0.0,n_/devices/modules/Cisco-IOS-XE-memory-oper/memory-statistics/memory-statistic/highest-usage
407,0.0,n_/devices/modules/Cisco-IOS-XE-memory-oper/memory-statistics/memory-statistic/free-memory
280,0.0,n_/devices/modules/Cisco-IOS-XE-interfaces-oper/interfaces/interface/diffserv-info/diffserv-target-classifier-stats/marking-stats/marking-cos-inner-stats-val/marked-pkts
321,0.0,n_/devices/modules/Cisco-IOS-XE-bgp-oper/bgp-state-data/neighbors/neighbor/bgp-neighbor-counters/received/route-refreshes
308,0.0,n_/devices/modules/Cisco-IOS-XE-bgp-oper/bgp-state-data/neighbors/neighbor/bgp-version
309,0.0,n_/devices/modules/Cisco-IOS-XE-bgp-oper/bgp-state-data/neighbors/neighbor/installed-prefixes
310,0.0,n_/devices/modules/Cisco-IOS-XE-bgp-oper/bgp-state-data/neighbors/neighbor/negotiated-keepalive-timers/hold-time
311,0.0,n_/devices/modules/Cisco-IOS-XE-bgp-oper/bgp-state-data/neighbors/neighbor/negotiated-keepalive-timers/keepalive-interval
312,0.0,n_/devices/modules/Cisco-IOS-XE-bgp-oper/bgp-state-data/neighbors/neighbor/bgp-neighbor-counters/sent/opens
314,0.0,n_/devices/modules/Cisco-IOS-XE-bgp-oper/bgp-state-data/neighbors/neighbor/bgp-neighbor-counters/sent/notifications
316,0.0,n_/devices/modules/Cisco-IOS-XE-bgp-oper/bgp-state-data/neighbors/neighbor/bgp-neighbor-counters/sent/route-refreshes
317,0.0,n_/devices/modules/Cisco-IOS-XE-bgp-oper/bgp-state-data/neighbors/neighbor/bgp-neighbor-counters/received/opens
318,0.0,n_/devices/modules/Cisco-IOS-XE-bgp-oper/bgp-state-data/neighbors/neighbor/bgp-neighbor-counters/received/updates
319,0.0,n_/devices/modules/Cisco-IOS-XE-bgp-oper/bgp-state-data/neighbors/neighbor/bgp-neighbor-counters/received/notifications
320,0.0,n_/devices/modules/Cisco-IOS-XE-bgp-oper/bgp-state-data/neighbors/neighbor/bgp-neighbor-counters/received/keepalives
322,0.0,n_/devices/modules/Cisco-IOS-XE-bgp-oper/bgp-state-data/neighbors/neighbor/bgp-neighbor-counters/inq-depth
405,0.0,n_/devices/modules/Cisco-IOS-XE-memory-oper/memory-statistics/memory-statistic/total-memory
323,0.0,n_/devices/modules/Cisco-IOS-XE-bgp-oper/bgp-state-data/neighbors/neighbor/bgp-neighbor-counters/outq-depth
324,0.0,n_/devices/modules/Cisco-IOS-XE-bgp-oper/bgp-state-data/neighbors/neighbor/connection/total-established
325,0.0,n_/devices/modules/Cisco-IOS-XE-bgp-oper/bgp-state-data/neighbors/neighbor/connection/total-dropped
326,0.0,n_/devices/modules/Cisco-IOS-XE-bgp-oper/bgp-state-data/neighbors/neighbor/transport/local-port
327,0.0,n_/devices/modules/Cisco-IOS-XE-bgp-oper/bgp-state-data/neighbors/neighbor/transport/foreign-port
328,0.0,n_/devices/modules/Cisco-IOS-XE-bgp-oper/bgp-state-data/neighbors/neighbor/transport/mss
330,0.0,n_/devices/modules/Cisco-IOS-XE-bgp-oper/bgp-state-data/neighbors/neighbor/prefix-activity/sent/total-prefixes
332,0.0,n_/devices/modules/Cisco-IOS-XE-bgp-oper/bgp-state-data/neighbors/neighbor/prefix-activity/sent/explicit-withdraw
333,0.0,n_/devices/modules/Cisco-IOS-XE-bgp-oper/bgp-state-data/neighbors/neighbor/prefix-activity/sent/bestpaths
334,0.0,n_/devices/modules/Cisco-IOS-XE-bgp-oper/bgp-state-data/neighbors/neighbor/prefix-activity/sent/multipaths
335,0.0,n_/devices/modules/Cisco-IOS-XE-bgp-oper/bgp-state-data/neighbors/neighbor/prefix-activity/received/current-prefixes
307,0.0,n_/devices/modules/Cisco-IOS-XE-interfaces-oper/interfaces/interface/diffserv-info/diffserv-target-classifier-stats/marking-stats/marking-wlan-user-priority-stats-val/marked-pkts
306,0.0,n_/devices/modules/Cisco-IOS-XE-interfaces-oper/interfaces/interface/diffserv-info/diffserv-target-classifier-stats/marking-stats/marking-wlan-user-priority-stats-val/wlan-user-priority-value
305,0.0,n_/devices/modules/Cisco-IOS-XE-interfaces-oper/interfaces/interface/diffserv-info/diffserv-target-classifier-stats/marking-stats/marking-srp-priority-stats-val/marked-pkts
304,0.0,n_/devices/modules/Cisco-IOS-XE-interfaces-oper/interfaces/interface/diffserv-info/diffserv-target-classifier-stats/marking-stats/marking-srp-priority-stats-val/srp-priority-value
281,0.0,n_/devices/modules/Cisco-IOS-XE-interfaces-oper/interfaces/interface/diffserv-info/diffserv-target-classifier-stats/marking-stats/marking-discard-class-stats-val/disc-class-val
282,0.0,n_/devices/modules/Cisco-IOS-XE-interfaces-oper/interfaces/interface/diffserv-info/diffserv-target-classifier-stats/marking-stats/marking-discard-class-stats-val/marked-pkts
283,0.0,n_/devices/modules/Cisco-IOS-XE-interfaces-oper/interfaces/interface/diffserv-info/diffserv-target-classifier-stats/marking-stats/marking-qos-grp-stats-val/qos-grp-val
284,0.0,n_/devices/modules/Cisco-IOS-XE-interfaces-oper/interfaces/interface/diffserv-info/diffserv-target-classifier-stats/marking-stats/marking-qos-grp-stats-val/marked-pkts
285,0.0,n_/devices/modules/Cisco-IOS-XE-interfaces-oper/interfaces/interface/diffserv-info/diffserv-target-classifier-stats/marking-stats/marking-prec-stats-val/prec-val
286,0.0,n_/devices/modules/Cisco-IOS-XE-interfaces-oper/interfaces/interface/diffserv-info/diffserv-target-classifier-stats/marking-stats/marking-prec-stats-val/marked-pkts
287,0.0,n_/devices/modules/Cisco-IOS-XE-interfaces-oper/interfaces/interface/diffserv-info/diffserv-target-classifier-stats/marking-stats/marking-prec-tunnel-stats-val/prec-val
288,0.0,n_/devices/modules/Cisco-IOS-XE-interfaces-oper/interfaces/interface/diffserv-info/diffserv-target-classifier-stats/marking-stats/marking-prec-tunnel-stats-val/marked-pkts
289,0.0,n_/devices/modules/Cisco-IOS-XE-interfaces-oper/interfaces/interface/diffserv-info/diffserv-target-classifier-stats/marking-stats/marking-mpls-exp-imp-stats-val/mpls-exp-imp-val
290,0.0,n_/devices/modules/Cisco-IOS-XE-interfaces-oper/interfaces/interface/diffserv-info/diffserv-target-classifier-stats/marking-stats/marking-mpls-exp-imp-stats-val/marked-pkts
291,0.0,n_/devices/modules/Cisco-IOS-XE-interfaces-oper/interfaces/interface/diffserv-info/diffserv-target-classifier-stats/marking-stats/marking-mpls-exp-top-stats-val/mpls-exp-top-val
292,0.0,n_/devices/modules/Cisco-IOS-XE-interfaces-oper/interfaces/interface/diffserv-info/diffserv-target-classifier-stats/marking-stats/marking-mpls-exp-top-stats-val/marked-pkts
293,0.0,n_/devices/modules/Cisco-IOS-XE-interfaces-oper/interfaces/interface/diffserv-info/diffserv-target-classifier-stats/marking-stats/marking-fr-de-stats-val/marked-pkts
294,0.0,n_/devices/modules/Cisco-IOS-XE-interfaces-oper/interfaces/interface/diffserv-info/diffserv-target-classifier-stats/marking-stats/marking-fr-fecn-becn-stats-val/fecn-becn-val
295,0.0,n_/devices/modules/Cisco-IOS-XE-interfaces-oper/interfaces/interface/diffserv-info/diffserv-target-classifier-stats/marking-stats/marking-fr-fecn-becn-stats-val/marked-pkts
296,0.0,n_/devices/modules/Cisco-IOS-XE-interfaces-oper/interfaces/interface/diffserv-info/diffserv-target-classifier-stats/marking-stats/marking-atm-clp-stats-val/atm-clp-val
297,0.0,n_/devices/modules/Cisco-IOS-XE-interfaces-oper/interfaces/interface/diffserv-info/diffserv-target-classifier-stats/marking-stats/marking-atm-clp-stats-val/marked-pkts
298,0.0,n_/devices/modules/Cisco-IOS-XE-interfaces-oper/interfaces/interface/diffserv-info/diffserv-target-classifier-stats/marking-stats/marking-vlan-inner-stats-val/vlan-inner-val
299,0.0,n_/devices/modules/Cisco-IOS-XE-interfaces-oper/interfaces/interface/diffserv-info/diffserv-target-classifier-stats/marking-stats/marking-vlan-inner-stats-val/marked-pkts
300,0.0,n_/devices/modules/Cisco-IOS-XE-interfaces-oper/interfaces/interface/diffserv-info/diffserv-target-classifier-stats/marking-stats/marking-dei-stats-val/dei-imp-value
301,0.0,n_/devices/modules/Cisco-IOS-XE-interfaces-oper/interfaces/interface/diffserv-info/diffserv-target-classifier-stats/marking-stats/marking-dei-stats-val/marked-pkts
302,0.0,n_/devices/modules/Cisco-IOS-XE-interfaces-oper/interfaces/interface/diffserv-info/diffserv-target-classifier-stats/marking-stats/marking-dei-imp-stats-val/dei-imp-value
303,0.0,n_/devices/modules/Cisco-IOS-XE-interfaces-oper/interfaces/interface/diffserv-info/diffserv-target-classifier-stats/marking-stats/marking-dei-imp-stats-val/marked-pkts
336,0.0,n_/devices/modules/Cisco-IOS-XE-bgp-oper/bgp-state-data/neighbors/neighbor/prefix-activity/received/total-prefixes
337,0.0,n_/devices/modules/Cisco-IOS-XE-bgp-oper/bgp-state-data/neighbors/neighbor/prefix-activity/received/implicit-withdraw
338,0.0,n_/devices/modules/Cisco-IOS-XE-bgp-oper/bgp-state-data/neighbors/neighbor/prefix-activity/received/explicit-withdraw
371,0.0,n_/devices/modules/Cisco-IOS-XE-platform-software-oper/cisco-platform-software/system-usages/system-usage/process-system-usages/process-system-usage/five-seconds
374,0.0,n_/devices/modules/Cisco-IOS-XE-platform-software-oper/cisco-platform-software/control-processes/control-process/slotnum
375,0.0,n_/devices/modules/Cisco-IOS-XE-platform-software-oper/cisco-platform-software/control-processes/control-process/baynum
376,0.0,n_/devices/modules/Cisco-IOS-XE-platform-software-oper/cisco-platform-software/control-processes/control-process/chassisnum
377,0.0,n_/devices/modules/Cisco-IOS-XE-platform-software-oper/cisco-platform-software/control-processes/control-process/updated
378,0.0,n_/devices/modules/Cisco-IOS-XE-platform-software-oper/cisco-platform-software/control-processes/control-process/load-avg-minutes/load-avg-minute/number
380,0.0,n_/devices/modules/Cisco-IOS-XE-platform-software-oper/cisco-platform-software/control-processes/control-process/load-avg-minutes/load-avg-minute/status/threshold-value
381,0.0,n_/devices/modules/Cisco-IOS-XE-platform-software-oper/cisco-platform-software/control-processes/control-process/memory-stats/total
383,0.0,n_/devices/modules/Cisco-IOS-XE-platform-software-oper/cisco-platform-software/control-processes/control-process/memory-stats/used-percent
384,0.0,n_/devices/modules/Cisco-IOS-XE-platform-software-oper/cisco-platform-software/control-processes/control-process/memory-stats/free-number
385,0.0,n_/devices/modules/Cisco-IOS-XE-platform-software-oper/cisco-platform-software/control-processes/control-process/memory-stats/free-percent
386,0.0,n_/devices/modules/Cisco-IOS-XE-platform-software-oper/cisco-platform-software/control-processes/control-process/memory-stats/available-number
387,0.0,n_/devices/modules/Cisco-IOS-XE-platform-software-oper/cisco-platform-software/control-processes/control-process/memory-stats/available-percent
389,0.0,n_/devices/modules/Cisco-IOS-XE-platform-software-oper/cisco-platform-software/control-processes/control-process/memory-stats/committed-percent
390,0.0,n_/devices/modules/Cisco-IOS-XE-platform-software-oper/cisco-platform-software/control-processes/control-process/memory-stats/status/warning-threshold-percent
391,0.0,n_/devices/modules/Cisco-IOS-XE-platform-software-oper/cisco-platform-software/control-processes/control-process/memory-stats/status/critical-threshold-percent
392,0.0,n_/devices/modules/Cisco-IOS-XE-platform-software-oper/cisco-platform-software/control-processes/control-process/per-core-stats/per-core-stat/name
395,0.0,n_/devices/modules/Cisco-IOS-XE-platform-software-oper/cisco-platform-software/control-processes/control-process/per-core-stats/per-core-stat/nice
397,0.0,n_/devices/modules/Cisco-IOS-XE-platform-software-oper/cisco-platform-software/control-processes/control-process/per-core-stats/per-core-stat/irq
399,0.0,n_/devices/modules/Cisco-IOS-XE-platform-software-oper/cisco-platform-software/control-processes/control-process/per-core-stats/per-core-stat/io-wait
400,0.0,n_/devices/modules/Cisco-IOS-XE-platform-software-oper/cisco-platform-software/q-filesystem/slotnum
401,0.0,n_/devices/modules/Cisco-IOS-XE-platform-software-oper/cisco-platform-software/q-filesystem/baynum
402,0.0,n_/devices/modules/Cisco-IOS-XE-platform-software-oper/cisco-platform-software/q-filesystem/chassisnum
403,0.0,n_/devices/modules/Cisco-IOS-XE-platform-software-oper/cisco-platform-software/q-filesystem/partitions/total-size
373,0.0,n_/devices/modules/Cisco-IOS-XE-platform-software-oper/cisco-platform-software/system-usages/system-usage/process-system-usages/process-system-usage/allocated-memory-percent
369,0.0,n_/devices/modules/Cisco-IOS-XE-platform-software-oper/cisco-platform-software/system-usages/system-usage/process-system-usages/process-system-usage/pid
339,0.0,n_/devices/modules/Cisco-IOS-XE-bgp-oper/bgp-state-data/neighbors/neighbor/prefix-activity/received/bestpaths
368,0.0,n_/devices/modules/Cisco-IOS-XE-platform-software-oper/cisco-platform-software/system-usages/system-usage/chassisnum
340,0.0,n_/devices/modules/Cisco-IOS-XE-bgp-oper/bgp-state-data/neighbors/neighbor/prefix-activity/received/multipaths
341,0.0,n_/devices/modules/Cisco-IOS-XE-bgp-oper/bgp-state-data/neighbors/neighbor/as
343,0.0,n_/devices/modules/Cisco-IOS-XE-bgp-oper/bgp-state-data/address-families/address-family/routing-table-version
344,0.0,n_/devices/modules/Cisco-IOS-XE-bgp-oper/bgp-state-data/address-families/address-family/prefixes/total-entries
345,0.0,n_/devices/modules/Cisco-IOS-XE-bgp-oper/bgp-state-data/address-families/address-family/prefixes/memory-usage
347,0.0,n_/devices/modules/Cisco-IOS-XE-bgp-oper/bgp-state-data/address-families/address-family/path/memory-usage
348,0.0,n_/devices/modules/Cisco-IOS-XE-bgp-oper/bgp-state-data/address-families/address-family/as-path/total-entries
349,0.0,n_/devices/modules/Cisco-IOS-XE-bgp-oper/bgp-state-data/address-families/address-family/as-path/memory-usage
350,0.0,n_/devices/modules/Cisco-IOS-XE-bgp-oper/bgp-state-data/address-families/address-family/route-map/total-entries
351,0.0,n_/devices/modules/Cisco-IOS-XE-bgp-oper/bgp-state-data/address-families/address-family/route-map/memory-usage
352,0.0,n_/devices/modules/Cisco-IOS-XE-bgp-oper/bgp-state-data/address-families/address-family/filter-list/total-entries
353,0.0,n_/devices/modules/Cisco-IOS-XE-bgp-oper/bgp-state-data/address-families/address-family/filter-list/memory-usage
354,0.0,n_/devices/modules/Cisco-IOS-XE-bgp-oper/bgp-state-data/address-families/address-family/activities/prefixes
355,0.0,n_/devices/modules/Cisco-IOS-XE-bgp-oper/bgp-state-data/address-families/address-family/activities/paths
357,0.0,n_/devices/modules/Cisco-IOS-XE-bgp-oper/bgp-state-data/address-families/address-family/bgp-neighbor-summaries/bgp-neighbor-summary/bgp-version
358,0.0,n_/devices/modules/Cisco-IOS-XE-bgp-oper/bgp-state-data/address-families/address-family/bgp-neighbor-summaries/bgp-neighbor-summary/messages-received
361,0.0,n_/devices/modules/Cisco-IOS-XE-bgp-oper/bgp-state-data/address-families/address-family/bgp-neighbor-summaries/bgp-neighbor-summary/input-queue
362,0.0,n_/devices/modules/Cisco-IOS-XE-bgp-oper/bgp-state-data/address-families/address-family/bgp-neighbor-summaries/bgp-neighbor-summary/output-queue
363,0.0,n_/devices/modules/Cisco-IOS-XE-bgp-oper/bgp-state-data/address-families/address-family/bgp-neighbor-summaries/bgp-neighbor-summary/prefixes-received
364,0.0,n_/devices/modules/Cisco-IOS-XE-bgp-oper/bgp-state-data/address-families/address-family/bgp-neighbor-summaries/bgp-neighbor-summary/as
365,0.0,n_/devices/modules/Cisco-IOS-XE-bgp-oper/bgp-state-data/address-families/address-family/local-as
366,0.0,n_/devices/modules/Cisco-IOS-XE-platform-software-oper/cisco-platform-software/system-usages/system-usage/slotnum
367,0.0,n_/devices/modules/Cisco-IOS-XE-platform-software-oper/cisco-platform-software/system-usages/system-usage/baynum
497,0.0,v_/devices#RR-01/image/min_ram
